id;name;code;c_state_id
1;Aguascalientes;Aguascalientes;1
2;San Francisco de los Romo;San Francisco de los Romo;1
3;El Llano;El Llano;1
4;Rincón de Romos;Rincón de Romos;1
5;Cosío;Cosío;1
6;San José de Gracia;San José de Gracia;1
7;Tepezalá;Tepezalá;1
8;Pabellón de Arteaga;Pabellón de Arteaga;1
9;Asientos;Asientos;1
10;Calvillo;Calvillo;1
11;Jesús María;Jesús María;1
12;Mexicali;Mexicali;2
13;Tecate;Tecate;2
14;Tijuana;Tijuana;2
15;Playas de Rosarito;Playas de Rosarito;2
16;Ensenada;Ensenada;2
17;La Paz;La Paz;3
18;Los Cabos;Los Cabos;3
19;Comondú;Comondú;3
20;Loreto;Loreto;3
21;Mulegé;Mulegé;3
22;Campeche;Campeche;4
23;Carmen;Carmen;4
24;Palizada;Palizada;4
25;Candelaria;Candelaria;4
26;Escárcega;Escárcega;4
27;Champotón;Champotón;4
28;Hopelchén;Hopelchén;4
29;Calakmul;Calakmul;4
30;Tenabo;Tenabo;4
31;Hecelchakán;Hecelchakán;4
32;Calkiní;Calkiní;4
33;Saltillo;Saltillo;5
34;Arteaga;Arteaga;5
35;Juárez;Juárez;5
36;Progreso;Progreso;5
37;Escobedo;Escobedo;5
38;San Buenaventura;San Buenaventura;5
39;Abasolo;Abasolo;5
40;Candela;Candela;5
41;Frontera;Frontera;5
42;Monclova;Monclova;5
43;Castaños;Castaños;5
44;Ramos Arizpe;Ramos Arizpe;5
45;General Cepeda;General Cepeda;5
46;Piedras Negras;Piedras Negras;5
47;Nava;Nava;5
48;Acuña;Acuña;5
49;Múzquiz;Múzquiz;5
50;Jiménez;Jiménez;5
51;Zaragoza;Zaragoza;5
52;Morelos;Morelos;5
53;Allende;Allende;5
54;Villa Unión;Villa Unión;5
55;Guerrero;Guerrero;5
56;Hidalgo;Hidalgo;5
57;Sabinas;Sabinas;5
58;San Juan de Sabinas;San Juan de Sabinas;5
59;Torreón;Torreón;5
60;Matamoros;Matamoros;5
61;Viesca;Viesca;5
62;Ocampo;Ocampo;5
63;Nadadores;Nadadores;5
64;Sierra Mojada;Sierra Mojada;5
65;Cuatro Ciénegas;Cuatro Ciénegas;5
66;Lamadrid;Lamadrid;5
67;Sacramento;Sacramento;5
68;San Pedro;San Pedro;5
69;Francisco I. Madero;Francisco I. Madero;5
70;Parras;Parras;5
71;Colima;Colima;6
72;Tecomán;Tecomán;6
73;Manzanillo;Manzanillo;6
74;Armería;Armería;6
75;Coquimatlán;Coquimatlán;6
76;Comala;Comala;6
77;Cuauhtémoc;Cuauhtémoc;6
78;Ixtlahuacán;Ixtlahuacán;6
79;Minatitlán;Minatitlán;6
80;Villa de Álvarez;Villa de Álvarez;6
81;Tuxtla Gutiérrez;Tuxtla Gutiérrez;7
82;San Fernando;San Fernando;7
83;Berriozábal;Berriozábal;7
84;Ocozocoautla de Espinosa;Ocozocoautla de Espinosa;7
85;Suchiapa;Suchiapa;7
86;Chiapa de Corzo;Chiapa de Corzo;7
87;Osumacinta;Osumacinta;7
88;San Cristóbal de las Casas;San Cristóbal de las Casas;7
89;Chamula;Chamula;7
90;Ixtapa;Ixtapa;7
91;Zinacantán;Zinacantán;7
92;Acala;Acala;7
93;Chiapilla;Chiapilla;7
94;San Lucas;San Lucas;7
95;Teopisca;Teopisca;7
96;Amatenango del Valle;Amatenango del Valle;7
97;Chanal;Chanal;7
98;Oxchuc;Oxchuc;7
99;Huixtán;Huixtán;7
100;Tenejapa;Tenejapa;7
101;Mitontic;Mitontic;7
102;Reforma;Reforma;7
103;Juárez;Juárez;7
104;Pichucalco;Pichucalco;7
105;Sunuapa;Sunuapa;7
106;Ostuacán;Ostuacán;7
107;Francisco León;Francisco León;7
108;Ixtacomitán;Ixtacomitán;7
109;Solosuchiapa;Solosuchiapa;7
110;Ixtapangajoya;Ixtapangajoya;7
111;Tecpatán;Tecpatán;7
112;Copainalá;Copainalá;7
113;Chicoasén;Chicoasén;7
114;Coapilla;Coapilla;7
115;Pantepec;Pantepec;7
116;Tapalapa;Tapalapa;7
117;Ocotepec;Ocotepec;7
118;Chapultenango;Chapultenango;7
119;Amatán;Amatán;7
120;Huitiupán;Huitiupán;7
121;Ixhuatán;Ixhuatán;7
122;Tapilula;Tapilula;7
123;Rayón;Rayón;7
124;Pueblo Nuevo Solistahuacán;Pueblo Nuevo Solistahuacán;7
125;Jitotol;Jitotol;7
126;Bochil;Bochil;7
127;Soyaló;Soyaló;7
128;San Juan Cancuc;San Juan Cancuc;7
129;Sabanilla;Sabanilla;7
130;Simojovel;Simojovel;7
131;San Andrés Duraznal;San Andrés Duraznal;7
132;El Bosque;El Bosque;7
133;Chalchihuitán;Chalchihuitán;7
134;Larráinzar;Larráinzar;7
135;Santiago el Pinar;Santiago el Pinar;7
136;Chenalhó;Chenalhó;7
137;Aldama;Aldama;7
138;Pantelhó;Pantelhó;7
139;Sitalá;Sitalá;7
140;Salto de Agua;Salto de Agua;7
141;Tila;Tila;7
142;Tumbalá;Tumbalá;7
143;Yajalón;Yajalón;7
144;Ocosingo;Ocosingo;7
145;Chilón;Chilón;7
146;Benemérito de las Américas;Benemérito de las Américas;7
147;Marqués de Comillas;Marqués de Comillas;7
148;Palenque;Palenque;7
149;La Libertad;La Libertad;7
150;Catazajá;Catazajá;7
151;Comitán de Domínguez;Comitán de Domínguez;7
152;Tzimol;Tzimol;7
153;Chicomuselo;Chicomuselo;7
154;Bella Vista;Bella Vista;7
155;Frontera Comalapa;Frontera Comalapa;7
156;La Trinitaria;La Trinitaria;7
157;La Independencia;La Independencia;7
158;Maravilla Tenejapa;Maravilla Tenejapa;7
159;Las Margaritas;Las Margaritas;7
160;Altamirano;Altamirano;7
161;Venustiano Carranza;Venustiano Carranza;7
162;Totolapa;Totolapa;7
163;Nicolás Ruíz;Nicolás Ruíz;7
164;Las Rosas;Las Rosas;7
165;La Concordia;La Concordia;7
166;Angel Albino Corzo;Angel Albino Corzo;7
167;Montecristo de Guerrero;Montecristo de Guerrero;7
168;Socoltenango;Socoltenango;7
169;Cintalapa;Cintalapa;7
170;Jiquipilas;Jiquipilas;7
171;Arriaga;Arriaga;7
172;Villaflores;Villaflores;7
173;Tonalá;Tonalá;7
174;Villa Corzo;Villa Corzo;7
175;Pijijiapan;Pijijiapan;7
176;Mapastepec;Mapastepec;7
177;Acapetahua;Acapetahua;7
178;Acacoyagua;Acacoyagua;7
179;Escuintla;Escuintla;7
180;Villa Comaltitlán;Villa Comaltitlán;7
181;Huixtla;Huixtla;7
182;Mazatán;Mazatán;7
183;Huehuetán;Huehuetán;7
184;Tuzantán;Tuzantán;7
185;Tapachula;Tapachula;7
186;Suchiate;Suchiate;7
187;Frontera Hidalgo;Frontera Hidalgo;7
188;Metapa;Metapa;7
189;Tuxtla Chico;Tuxtla Chico;7
190;Unión Juárez;Unión Juárez;7
191;Cacahoatán;Cacahoatán;7
192;Motozintla;Motozintla;7
193;Mazapa de Madero;Mazapa de Madero;7
194;Amatenango de la Frontera;Amatenango de la Frontera;7
195;Bejucal de Ocampo;Bejucal de Ocampo;7
196;La Grandeza;La Grandeza;7
197;El Porvenir;El Porvenir;7
198;Siltepec;Siltepec;7
199;Chihuahua;Chihuahua;8
200;Cuauhtémoc;Cuauhtémoc;8
201;Riva Palacio;Riva Palacio;8
202;Aquiles Serdán;Aquiles Serdán;8
203;Bachíniva;Bachíniva;8
204;Guerrero;Guerrero;8
205;Nuevo Casas Grandes;Nuevo Casas Grandes;8
206;Ascensión;Ascensión;8
207;Janos;Janos;8
208;Casas Grandes;Casas Grandes;8
209;Galeana;Galeana;8
210;Buenaventura;Buenaventura;8
211;Gómez Farías;Gómez Farías;8
212;Ignacio Zaragoza;Ignacio Zaragoza;8
213;Madera;Madera;8
214;Namiquipa;Namiquipa;8
215;Temósachic;Temósachic;8
216;Matachí;Matachí;8
217;Juárez;Juárez;8
218;Guadalupe;Guadalupe;8
219;Praxedis G. Guerrero;Praxedis G. Guerrero;8
220;Ahumada;Ahumada;8
221;Coyame del Sotol;Coyame del Sotol;8
222;Ojinaga;Ojinaga;8
223;Aldama;Aldama;8
224;Julimes;Julimes;8
225;Manuel Benavides;Manuel Benavides;8
226;Delicias;Delicias;8
227;Rosales;Rosales;8
228;Meoqui;Meoqui;8
229;Dr. Belisario Domínguez;Dr. Belisario Domínguez;8
230;Satevó;Satevó;8
231;San Francisco de Borja;San Francisco de Borja;8
232;Nonoava;Nonoava;8
233;Guachochi;Guachochi;8
234;Bocoyna;Bocoyna;8
235;Cusihuiriachi;Cusihuiriachi;8
236;Gran Morelos;Gran Morelos;8
237;Santa Isabel;Santa Isabel;8
238;Carichí;Carichí;8
239;Uruachi;Uruachi;8
240;Ocampo;Ocampo;8
241;Moris;Moris;8
242;Chínipas;Chínipas;8
243;Maguarichi;Maguarichi;8
244;Guazapares;Guazapares;8
245;Batopilas;Batopilas;8
246;Urique;Urique;8
247;Morelos;Morelos;8
248;Guadalupe y Calvo;Guadalupe y Calvo;8
249;San Francisco del Oro;San Francisco del Oro;8
250;Rosario;Rosario;8
251;Huejotitán;Huejotitán;8
252;El Tule;El Tule;8
253;Balleza;Balleza;8
254;Santa Bárbara;Santa Bárbara;8
255;Camargo;Camargo;8
256;Saucillo;Saucillo;8
257;Valle de Zaragoza;Valle de Zaragoza;8
258;La Cruz;La Cruz;8
259;San Francisco de Conchos;San Francisco de Conchos;8
260;Hidalgo del Parral;Hidalgo del Parral;8
261;Allende;Allende;8
262;López;López;8
263;Matamoros;Matamoros;8
264;Jiménez;Jiménez;8
265;Coronado;Coronado;8
266;Álvaro Obregón;Álvaro Obregón;9
267;Azcapotzalco;Azcapotzalco;9
268;Benito Juárez;Benito Juárez;9
269;Coyoacán;Coyoacán;9
270;Cuajimalpa de Morelos;Cuajimalpa de Morelos;9
271;Cuauhtémoc;Cuauhtémoc;9
272;Gustavo A. Madero;Gustavo A. Madero;9
273;Iztacalco;Iztacalco;9
274;Iztapalapa;Iztapalapa;9
275;La Magdalena Contreras;La Magdalena Contreras;9
276;Miguel Hidalgo;Miguel Hidalgo;9
277;Milpa Alta;Milpa Alta;9
278;Tláhuac;Tláhuac;9
279;Tlalpan;Tlalpan;9
280;Venustiano Carranza;Venustiano Carranza;9
281;Xochimilco;Xochimilco;9
282;Durango;Durango;10
283;Canatlán;Canatlán;10
284;Nuevo Ideal;Nuevo Ideal;10
285;Coneto de Comonfort;Coneto de Comonfort;10
286;San Juan del Río;San Juan del Río;10
287;Canelas;Canelas;10
288;Topia;Topia;10
289;Tamazula;Tamazula;10
290;Santiago Papasquiaro;Santiago Papasquiaro;10
291;Otáez;Otáez;10
292;San Dimas;San Dimas;10
293;Guadalupe Victoria;Guadalupe Victoria;10
294;Peñón Blanco;Peñón Blanco;10
295;Pánuco de Coronado;Pánuco de Coronado;10
296;Poanas;Poanas;10
297;Nombre de Dios;Nombre de Dios;10
298;Vicente Guerrero;Vicente Guerrero;10
299;Súchil;Súchil;10
300;Pueblo Nuevo;Pueblo Nuevo;10
301;Mezquital;Mezquital;10
302;Gómez Palacio;Gómez Palacio;10
303;Lerdo;Lerdo;10
304;Mapimí;Mapimí;10
305;Tlahualilo;Tlahualilo;10
306;Hidalgo;Hidalgo;10
307;Ocampo;Ocampo;10
308;Guanaceví;Guanaceví;10
309;San Bernardo;San Bernardo;10
310;Indé;Indé;10
311;San Pedro del Gallo;San Pedro del Gallo;10
312;Tepehuanes;Tepehuanes;10
313;El Oro;El Oro;10
314;Nazas;Nazas;10
315;San Luis del Cordero;San Luis del Cordero;10
316;Rodeo;Rodeo;10
317;Cuencamé;Cuencamé;10
318;Santa Clara;Santa Clara;10
319;San Juan de Guadalupe;San Juan de Guadalupe;10
320;General Simón Bolívar;General Simón Bolívar;10
321;Guanajuato;Guanajuato;11
322;Silao de la Victoria;Silao de la Victoria;11
323;Romita;Romita;11
324;San Francisco del Rincón;San Francisco del Rincón;11
325;Purísima del Rincón;Purísima del Rincón;11
326;Manuel Doblado;Manuel Doblado;11
327;Irapuato;Irapuato;11
328;Salamanca;Salamanca;11
329;Pueblo Nuevo;Pueblo Nuevo;11
330;Pénjamo;Pénjamo;11
331;Cuerámaro;Cuerámaro;11
332;Abasolo;Abasolo;11
333;Huanímaro;Huanímaro;11
334;León;León;11
335;San Felipe;San Felipe;11
336;Ocampo;Ocampo;11
337;San Miguel de Allende;San Miguel de Allende;11
338;Dolores Hidalgo Cuna de la Independencia Nacional;Dolores Hidalgo Cuna de la Independencia Nacional;11
339;San Diego de la Unión;San Diego de la Unión;11
340;San Luis de la Paz;San Luis de la Paz;11
341;Victoria;Victoria;11
342;Xichú;Xichú;11
343;Atarjea;Atarjea;11
344;Santa Catarina;Santa Catarina;11
345;Doctor Mora;Doctor Mora;11
346;Tierra Blanca;Tierra Blanca;11
347;San José Iturbide;San José Iturbide;11
348;Celaya;Celaya;11
349;Apaseo el Grande;Apaseo el Grande;11
350;Comonfort;Comonfort;11
351;Santa Cruz de Juventino Rosas;Santa Cruz de Juventino Rosas;11
352;Villagrán;Villagrán;11
353;Cortazar;Cortazar;11
354;Valle de Santiago;Valle de Santiago;11
355;Jaral del Progreso;Jaral del Progreso;11
356;Apaseo el Alto;Apaseo el Alto;11
357;Jerécuaro;Jerécuaro;11
358;Coroneo;Coroneo;11
359;Acámbaro;Acámbaro;11
360;Tarimoro;Tarimoro;11
361;Tarandacuao;Tarandacuao;11
362;Moroleón;Moroleón;11
363;Salvatierra;Salvatierra;11
364;Yuriria;Yuriria;11
365;Santiago Maravatío;Santiago Maravatío;11
366;Uriangato;Uriangato;11
367;Chilpancingo de los Bravo;Chilpancingo de los Bravo;12
368;General Heliodoro Castillo;General Heliodoro Castillo;12
369;Leonardo Bravo;Leonardo Bravo;12
370;Tixtla de Guerrero;Tixtla de Guerrero;12
371;Ayutla de los Libres;Ayutla de los Libres;12
372;Mochitlán;Mochitlán;12
373;Quechultenango;Quechultenango;12
374;Tecoanapa;Tecoanapa;12
375;Acapulco de Juárez;Acapulco de Juárez;12
376;Juan R. Escudero;Juan R. Escudero;12
377;San Marcos;San Marcos;12
378;Iguala de la Independencia;Iguala de la Independencia;12
379;Huitzuco de los Figueroa;Huitzuco de los Figueroa;12
380;Tepecoacuilco de Trujano;Tepecoacuilco de Trujano;12
381;Eduardo Neri;Eduardo Neri;12
382;Taxco de Alarcón;Taxco de Alarcón;12
383;Buenavista de Cuéllar;Buenavista de Cuéllar;12
384;Tetipac;Tetipac;12
385;Pilcaya;Pilcaya;12
386;Teloloapan;Teloloapan;12
387;Ixcateopan de Cuauhtémoc;Ixcateopan de Cuauhtémoc;12
388;Pedro Ascencio Alquisiras;Pedro Ascencio Alquisiras;12
389;General Canuto A. Neri;General Canuto A. Neri;12
390;Arcelia;Arcelia;12
391;Apaxtla;Apaxtla;12
392;Cuetzala del Progreso;Cuetzala del Progreso;12
393;Cocula;Cocula;12
394;Tlapehuala;Tlapehuala;12
395;Cutzamala de Pinzón;Cutzamala de Pinzón;12
396;Pungarabato;Pungarabato;12
397;Tlalchapa;Tlalchapa;12
398;Coyuca de Catalán;Coyuca de Catalán;12
399;Ajuchitlán del Progreso;Ajuchitlán del Progreso;12
400;Zirándaro;Zirándaro;12
401;San Miguel Totolapan;San Miguel Totolapan;12
402;La Unión de Isidoro Montes de Oca;La Unión de Isidoro Montes de Oca;12
403;Petatlán;Petatlán;12
404;Coahuayutla de José María Izazaga;Coahuayutla de José María Izazaga;12
405;Zihuatanejo de Azueta;Zihuatanejo de Azueta;12
406;Técpan de Galeana;Técpan de Galeana;12
407;Atoyac de Álvarez;Atoyac de Álvarez;12
408;Benito Juárez;Benito Juárez;12
409;Coyuca de Benítez;Coyuca de Benítez;12
410;Olinalá;Olinalá;12
411;Atenango del Río;Atenango del Río;12
412;Copalillo;Copalillo;12
413;Cualác;Cualác;12
414;Chilapa de Álvarez;Chilapa de Álvarez;12
415;José Joaquín de Herrera;José Joaquín de Herrera;12
416;Ahuacuotzingo;Ahuacuotzingo;12
417;Zitlala;Zitlala;12
418;Mártir de Cuilapan;Mártir de Cuilapan;12
419;Huamuxtitlán;Huamuxtitlán;12
420;Xochihuehuetlán;Xochihuehuetlán;12
421;Alpoyeca;Alpoyeca;12
422;Tlapa de Comonfort;Tlapa de Comonfort;12
423;Tlalixtaquilla de Maldonado;Tlalixtaquilla de Maldonado;12
424;Xalpatláhuac;Xalpatláhuac;12
425;Zapotitlán Tablas;Zapotitlán Tablas;12
426;Acatepec;Acatepec;12
427;Atlixtac;Atlixtac;12
428;Copanatoyac;Copanatoyac;12
429;Malinaltepec;Malinaltepec;12
430;Iliatenco;Iliatenco;12
431;Tlacoapa;Tlacoapa;12
432;Atlamajalcingo del Monte;Atlamajalcingo del Monte;12
433;San Luis Acatlán;San Luis Acatlán;12
434;Metlatónoc;Metlatónoc;12
435;Cochoapa el Grande;Cochoapa el Grande;12
436;Alcozauca de Guerrero;Alcozauca de Guerrero;12
437;Ometepec;Ometepec;12
438;Tlacoachistlahuaca;Tlacoachistlahuaca;12
439;Xochistlahuaca;Xochistlahuaca;12
440;Florencio Villarreal;Florencio Villarreal;12
441;Cuautepec;Cuautepec;12
442;Copala;Copala;12
443;Azoyú;Azoyú;12
444;Juchitán;Juchitán;12
445;Marquelia;Marquelia;12
446;Cuajinicuilapa;Cuajinicuilapa;12
447;Igualapa;Igualapa;12
448;Pachuca de Soto;Pachuca de Soto;13
449;Mineral del Chico;Mineral del Chico;13
450;Mineral del Monte;Mineral del Monte;13
451;Ajacuba;Ajacuba;13
452;San Agustín Tlaxiaca;San Agustín Tlaxiaca;13
453;Mineral de la Reforma;Mineral de la Reforma;13
454;Zapotlán de Juárez;Zapotlán de Juárez;13
455;Jacala de Ledezma;Jacala de Ledezma;13
456;Pisaflores;Pisaflores;13
457;Pacula;Pacula;13
458;La Misión;La Misión;13
459;Chapulhuacán;Chapulhuacán;13
460;Ixmiquilpan;Ixmiquilpan;13
461;Zimapán;Zimapán;13
462;Nicolás Flores;Nicolás Flores;13
463;Cardonal;Cardonal;13
464;Tasquillo;Tasquillo;13
465;Alfajayucan;Alfajayucan;13
466;Huichapan;Huichapan;13
467;Tecozautla;Tecozautla;13
468;Nopala de Villagrán;Nopala de Villagrán;13
469;Actopan;Actopan;13
470;Santiago de Anaya;Santiago de Anaya;13
471;San Salvador;San Salvador;13
472;Francisco I. Madero;Francisco I. Madero;13
473;El Arenal;El Arenal;13
474;Mixquiahuala de Juárez;Mixquiahuala de Juárez;13
475;Progreso de Obregón;Progreso de Obregón;13
476;Chilcuautla;Chilcuautla;13
477;Tezontepec de Aldama;Tezontepec de Aldama;13
478;Tlahuelilpan;Tlahuelilpan;13
479;Tula de Allende;Tula de Allende;13
480;Tepeji del Río de Ocampo;Tepeji del Río de Ocampo;13
481;Chapantongo;Chapantongo;13
482;Tepetitlán;Tepetitlán;13
483;Tetepango;Tetepango;13
484;Tlaxcoapan;Tlaxcoapan;13
485;Atitalaquia;Atitalaquia;13
486;Atotonilco de Tula;Atotonilco de Tula;13
487;Huejutla de Reyes;Huejutla de Reyes;13
488;San Felipe Orizatlán;San Felipe Orizatlán;13
489;Jaltocán;Jaltocán;13
490;Huautla;Huautla;13
491;Atlapexco;Atlapexco;13
492;Huazalingo;Huazalingo;13
493;Yahualica;Yahualica;13
494;Xochiatipan;Xochiatipan;13
495;Molango de Escamilla;Molango de Escamilla;13
496;Tepehuacán de Guerrero;Tepehuacán de Guerrero;13
497;Lolotla;Lolotla;13
498;Tlanchinol;Tlanchinol;13
499;Tlahuiltepa;Tlahuiltepa;13
500;Juárez Hidalgo;Juárez Hidalgo;13
501;Zacualtipán de Ángeles;Zacualtipán de Ángeles;13
502;Calnali;Calnali;13
503;Xochicoatlán;Xochicoatlán;13
504;Tianguistengo;Tianguistengo;13
505;Atotonilco el Grande;Atotonilco el Grande;13
506;Eloxochitlán;Eloxochitlán;13
507;Metztitlán;Metztitlán;13
508;San Agustín Metzquititlán;San Agustín Metzquititlán;13
509;Metepec;Metepec;13
510;Huehuetla;Huehuetla;13
511;San Bartolo Tutotepec;San Bartolo Tutotepec;13
512;Agua Blanca de Iturbide;Agua Blanca de Iturbide;13
513;Tenango de Doria;Tenango de Doria;13
514;Huasca de Ocampo;Huasca de Ocampo;13
515;Acatlán;Acatlán;13
516;Omitlán de Juárez;Omitlán de Juárez;13
517;Epazoyucan;Epazoyucan;13
518;Tulancingo de Bravo;Tulancingo de Bravo;13
519;Acaxochitlán;Acaxochitlán;13
520;Cuautepec de Hinojosa;Cuautepec de Hinojosa;13
521;Santiago Tulantepec de Lugo Guerrero;Santiago Tulantepec de Lugo Guerrero;13
522;Singuilucan;Singuilucan;13
523;Tizayuca;Tizayuca;13
524;Zempoala;Zempoala;13
525;Tolcayuca;Tolcayuca;13
526;Villa de Tezontepec;Villa de Tezontepec;13
527;Apan;Apan;13
528;Tlanalapa;Tlanalapa;13
529;Almoloya;Almoloya;13
530;Emiliano Zapata;Emiliano Zapata;13
531;Tepeapulco;Tepeapulco;13
532;Guadalajara;Guadalajara;14
533;Zapopan;Zapopan;14
534;San Cristóbal de la Barranca;San Cristóbal de la Barranca;14
535;Ixtlahuacán del Río;Ixtlahuacán del Río;14
536;Tala;Tala;14
537;El Arenal;El Arenal;14
538;Amatitán;Amatitán;14
539;Tonalá;Tonalá;14
540;Zapotlanejo;Zapotlanejo;14
541;Acatic;Acatic;14
542;Cuquío;Cuquío;14
543;San Pedro Tlaquepaque;San Pedro Tlaquepaque;14
544;Tlajomulco de Zúñiga;Tlajomulco de Zúñiga;14
545;El Salto;El Salto;14
546;Acatlán de Juárez;Acatlán de Juárez;14
547;Villa Corona;Villa Corona;14
548;Zacoalco de Torres;Zacoalco de Torres;14
549;Atemajac de Brizuela;Atemajac de Brizuela;14
550;Jocotepec;Jocotepec;14
551;Ixtlahuacán de los Membrillos;Ixtlahuacán de los Membrillos;14
552;Juanacatlán;Juanacatlán;14
553;Chapala;Chapala;14
554;Poncitlán;Poncitlán;14
555;Zapotlán del Rey;Zapotlán del Rey;14
556;Huejuquilla el Alto;Huejuquilla el Alto;14
557;Mezquitic;Mezquitic;14
558;Villa Guerrero;Villa Guerrero;14
559;Bolaños;Bolaños;14
560;Totatiche;Totatiche;14
561;Colotlán;Colotlán;14
562;Santa María de los Ángeles;Santa María de los Ángeles;14
563;Huejúcar;Huejúcar;14
564;Chimaltitán;Chimaltitán;14
565;San Martín de Bolaños;San Martín de Bolaños;14
566;Tequila;Tequila;14
567;Hostotipaquillo;Hostotipaquillo;14
568;Magdalena;Magdalena;14
569;Etzatlán;Etzatlán;14
570;San Marcos;San Marcos;14
571;San Juanito de Escobedo;San Juanito de Escobedo;14
572;Ameca;Ameca;14
573;Ahualulco de Mercado;Ahualulco de Mercado;14
574;Teuchitlán;Teuchitlán;14
575;San Martín Hidalgo;San Martín Hidalgo;14
576;Guachinango;Guachinango;14
577;Mixtlán;Mixtlán;14
578;Mascota;Mascota;14
579;San Sebastián del Oeste;San Sebastián del Oeste;14
580;San Juan de los Lagos;San Juan de los Lagos;14
581;Jalostotitlán;Jalostotitlán;14
582;San Miguel el Alto;San Miguel el Alto;14
583;San Julián;San Julián;14
584;Arandas;Arandas;14
585;San Ignacio Cerro Gordo;San Ignacio Cerro Gordo;14
586;Teocaltiche;Teocaltiche;14
587;Villa Hidalgo;Villa Hidalgo;14
588;Encarnación de Díaz;Encarnación de Díaz;14
589;Yahualica de González Gallo;Yahualica de González Gallo;14
590;Mexticacán;Mexticacán;14
591;Cañadas de Obregón;Cañadas de Obregón;14
592;Valle de Guadalupe;Valle de Guadalupe;14
593;Lagos de Moreno;Lagos de Moreno;14
594;Ojuelos de Jalisco;Ojuelos de Jalisco;14
595;Unión de San Antonio;Unión de San Antonio;14
596;San Diego de Alejandría;San Diego de Alejandría;14
597;Tepatitlán de Morelos;Tepatitlán de Morelos;14
598;Tototlán;Tototlán;14
599;Atotonilco el Alto;Atotonilco el Alto;14
600;Ocotlán;Ocotlán;14
601;Jamay;Jamay;14
602;La Barca;La Barca;14
603;Ayotlán;Ayotlán;14
604;Jesús María;Jesús María;14
605;Degollado;Degollado;14
606;Unión de Tula;Unión de Tula;14
607;Ayutla;Ayutla;14
608;Atenguillo;Atenguillo;14
609;Cuautla;Cuautla;14
610;Atengo;Atengo;14
611;Talpa de Allende;Talpa de Allende;14
612;Puerto Vallarta;Puerto Vallarta;14
613;Cabo Corrientes;Cabo Corrientes;14
614;Tomatlán;Tomatlán;14
615;Cocula;Cocula;14
616;Tecolotlán;Tecolotlán;14
617;Tenamaxtlán;Tenamaxtlán;14
618;Juchitlán;Juchitlán;14
619;Chiquilistlán;Chiquilistlán;14
620;Ejutla;Ejutla;14
621;El Limón;El Limón;14
622;El Grullo;El Grullo;14
623;Tonaya;Tonaya;14
624;Tuxcacuesco;Tuxcacuesco;14
625;Villa Purificación;Villa Purificación;14
626;La Huerta;La Huerta;14
627;Autlán de Navarro;Autlán de Navarro;14
628;Casimiro Castillo;Casimiro Castillo;14
629;Cuautitlán de García Barragán;Cuautitlán de García Barragán;14
630;Cihuatlán;Cihuatlán;14
631;Zapotlán el Grande;Zapotlán el Grande;14
632;Gómez Farías;Gómez Farías;14
633;Concepción de Buenos Aires;Concepción de Buenos Aires;14
634;Atoyac;Atoyac;14
635;Techaluta de Montenegro;Techaluta de Montenegro;14
636;Teocuitatlán de Corona;Teocuitatlán de Corona;14
637;Sayula;Sayula;14
638;Tapalpa;Tapalpa;14
639;Amacueca;Amacueca;14
640;Tizapán el Alto;Tizapán el Alto;14
641;Tuxcueca;Tuxcueca;14
642;La Manzanilla de la Paz;La Manzanilla de la Paz;14
643;Mazamitla;Mazamitla;14
644;Valle de Juárez;Valle de Juárez;14
645;Quitupan;Quitupan;14
646;Zapotiltic;Zapotiltic;14
647;Tamazula de Gordiano;Tamazula de Gordiano;14
648;San Gabriel;San Gabriel;14
649;Tolimán;Tolimán;14
650;Zapotitlán de Vadillo;Zapotitlán de Vadillo;14
651;Tuxpan;Tuxpan;14
652;Tonila;Tonila;14
653;Pihuamo;Pihuamo;14
654;Tecalitlán;Tecalitlán;14
655;Jilotlán de los Dolores;Jilotlán de los Dolores;14
656;Santa María del Oro;Santa María del Oro;14
657;Toluca;Toluca;15
658;Acambay de Ruíz Castañeda;Acambay de Ruíz Castañeda;15
659;Aculco;Aculco;15
660;Temascalcingo;Temascalcingo;15
661;Atlacomulco;Atlacomulco;15
662;Timilpan;Timilpan;15
663;Morelos;Morelos;15
664;El Oro;El Oro;15
665;San Felipe del Progreso;San Felipe del Progreso;15
666;San José del Rincón;San José del Rincón;15
667;Jocotitlán;Jocotitlán;15
668;Ixtlahuaca;Ixtlahuaca;15
669;Jiquipilco;Jiquipilco;15
670;Temoaya;Temoaya;15
671;Almoloya de Juárez;Almoloya de Juárez;15
672;Villa Victoria;Villa Victoria;15
673;Villa de Allende;Villa de Allende;15
674;Donato Guerra;Donato Guerra;15
675;Ixtapan del Oro;Ixtapan del Oro;15
676;Santo Tomás;Santo Tomás;15
677;Otzoloapan;Otzoloapan;15
678;Zacazonapan;Zacazonapan;15
679;Valle de Bravo;Valle de Bravo;15
680;Amanalco;Amanalco;15
681;Temascaltepec;Temascaltepec;15
682;Zinacantepec;Zinacantepec;15
683;Tejupilco;Tejupilco;15
684;Luvianos;Luvianos;15
685;San Simón de Guerrero;San Simón de Guerrero;15
686;Amatepec;Amatepec;15
687;Tlatlaya;Tlatlaya;15
688;Sultepec;Sultepec;15
689;Texcaltitlán;Texcaltitlán;15
690;Coatepec Harinas;Coatepec Harinas;15
691;Villa Guerrero;Villa Guerrero;15
692;Zacualpan;Zacualpan;15
693;Almoloya de Alquisiras;Almoloya de Alquisiras;15
694;Ixtapan de la Sal;Ixtapan de la Sal;15
695;Tonatico;Tonatico;15
696;Zumpahuacán;Zumpahuacán;15
697;Lerma;Lerma;15
698;Xonacatlán;Xonacatlán;15
699;Otzolotepec;Otzolotepec;15
700;San Mateo Atenco;San Mateo Atenco;15
701;Metepec;Metepec;15
702;Mexicaltzingo;Mexicaltzingo;15
703;Calimaya;Calimaya;15
704;Chapultepec;Chapultepec;15
705;San Antonio la Isla;San Antonio la Isla;15
706;Tenango del Valle;Tenango del Valle;15
707;Rayón;Rayón;15
708;Joquicingo;Joquicingo;15
709;Tenancingo;Tenancingo;15
710;Malinalco;Malinalco;15
711;Ocuilan;Ocuilan;15
712;Atizapán;Atizapán;15
713;Almoloya del Río;Almoloya del Río;15
714;Texcalyacac;Texcalyacac;15
715;Tianguistenco;Tianguistenco;15
716;Xalatlaco;Xalatlaco;15
717;Capulhuac;Capulhuac;15
718;Ocoyoacac;Ocoyoacac;15
719;Huixquilucan;Huixquilucan;15
720;Atizapán de Zaragoza;Atizapán de Zaragoza;15
721;Naucalpan de Juárez;Naucalpan de Juárez;15
722;Tlalnepantla de Baz;Tlalnepantla de Baz;15
723;Polotitlán;Polotitlán;15
724;Jilotepec;Jilotepec;15
725;Soyaniquilpan de Juárez;Soyaniquilpan de Juárez;15
726;Villa del Carbón;Villa del Carbón;15
727;Chapa de Mota;Chapa de Mota;15
728;Nicolás Romero;Nicolás Romero;15
729;Isidro Fabela;Isidro Fabela;15
730;Jilotzingo;Jilotzingo;15
731;Tepotzotlán;Tepotzotlán;15
732;Coyotepec;Coyotepec;15
733;Huehuetoca;Huehuetoca;15
734;Cuautitlán Izcalli;Cuautitlán Izcalli;15
735;Teoloyucan;Teoloyucan;15
736;Cuautitlán;Cuautitlán;15
737;Melchor Ocampo;Melchor Ocampo;15
738;Tultitlán;Tultitlán;15
739;Tultepec;Tultepec;15
740;Ecatepec de Morelos;Ecatepec de Morelos;15
741;Zumpango;Zumpango;15
742;Tequixquiac;Tequixquiac;15
743;Apaxco;Apaxco;15
744;Hueypoxtla;Hueypoxtla;15
745;Coacalco de Berriozábal;Coacalco de Berriozábal;15
746;Tecámac;Tecámac;15
747;Jaltenco;Jaltenco;15
748;Tonanitla;Tonanitla;15
749;Nextlalpan;Nextlalpan;15
750;Teotihuacán;Teotihuacán;15
751;San Martín de las Pirámides;San Martín de las Pirámides;15
752;Acolman;Acolman;15
753;Otumba;Otumba;15
754;Axapusco;Axapusco;15
755;Nopaltepec;Nopaltepec;15
756;Temascalapa;Temascalapa;15
757;Tezoyuca;Tezoyuca;15
758;Chiautla;Chiautla;15
759;Papalotla;Papalotla;15
760;Tepetlaoxtoc;Tepetlaoxtoc;15
761;Texcoco;Texcoco;15
762;Chiconcuac;Chiconcuac;15
763;Atenco;Atenco;15
764;Chimalhuacán;Chimalhuacán;15
765;Chicoloapan;Chicoloapan;15
766;La Paz;La Paz;15
767;Ixtapaluca;Ixtapaluca;15
768;Chalco;Chalco;15
769;Valle de Chalco Solidaridad;Valle de Chalco Solidaridad;15
770;Temamatla;Temamatla;15
771;Cocotitlán;Cocotitlán;15
772;Tlalmanalco;Tlalmanalco;15
773;Ayapango;Ayapango;15
774;Tenango del Aire;Tenango del Aire;15
775;Ozumba;Ozumba;15
776;Juchitepec;Juchitepec;15
777;Tepetlixpa;Tepetlixpa;15
778;Amecameca;Amecameca;15
779;Atlautla;Atlautla;15
780;Ecatzingo;Ecatzingo;15
781;Nezahualcóyotl;Nezahualcóyotl;15
782;Morelia;Morelia;16
783;Huaniqueo;Huaniqueo;16
784;Coeneo;Coeneo;16
785;Quiroga;Quiroga;16
786;Tzintzuntzan;Tzintzuntzan;16
787;Lagunillas;Lagunillas;16
788;Acuitzio;Acuitzio;16
789;Madero;Madero;16
790;Puruándiro;Puruándiro;16
791;José Sixto Verduzco;José Sixto Verduzco;16
792;Angamacutiro;Angamacutiro;16
793;Panindícuaro;Panindícuaro;16
794;Zacapu;Zacapu;16
795;Tlazazalca;Tlazazalca;16
796;Purépero;Purépero;16
797;Jiménez;Jiménez;16
798;Morelos;Morelos;16
799;Huandacareo;Huandacareo;16
800;Cuitzeo;Cuitzeo;16
801;Chucándiro;Chucándiro;16
802;Copándaro;Copándaro;16
803;Tarímbaro;Tarímbaro;16
804;Santa Ana Maya;Santa Ana Maya;16
805;Álvaro Obregón;Álvaro Obregón;16
806;Zinapécuaro;Zinapécuaro;16
807;Indaparapeo;Indaparapeo;16
808;Queréndaro;Queréndaro;16
809;Sahuayo;Sahuayo;16
810;Briseñas;Briseñas;16
811;Cojumatlán de Régules;Cojumatlán de Régules;16
812;Venustiano Carranza;Venustiano Carranza;16
813;Pajacuarán;Pajacuarán;16
814;Vista Hermosa;Vista Hermosa;16
815;Tanhuato;Tanhuato;16
816;Yurécuaro;Yurécuaro;16
817;Ixtlán;Ixtlán;16
818;La Piedad;La Piedad;16
819;Numarán;Numarán;16
820;Churintzio;Churintzio;16
821;Zináparo;Zináparo;16
822;Penjamillo;Penjamillo;16
823;Marcos Castellanos;Marcos Castellanos;16
824;Jiquilpan;Jiquilpan;16
825;Villamar;Villamar;16
826;Chavinda;Chavinda;16
827;Zamora;Zamora;16
828;Ecuandureo;Ecuandureo;16
829;Tangancícuaro;Tangancícuaro;16
830;Chilchota;Chilchota;16
831;Jacona;Jacona;16
832;Tangamandapio;Tangamandapio;16
833;Cotija;Cotija;16
834;Tocumbo;Tocumbo;16
835;Tingüindín;Tingüindín;16
836;Uruapan;Uruapan;16
837;Charapan;Charapan;16
838;Paracho;Paracho;16
839;Cherán;Cherán;16
840;Nahuatzen;Nahuatzen;16
841;Tingambato;Tingambato;16
842;Los Reyes;Los Reyes;16
843;Peribán;Peribán;16
844;Tancítaro;Tancítaro;16
845;Nuevo Parangaricutiro;Nuevo Parangaricutiro;16
846;Buenavista;Buenavista;16
847;Tepalcatepec;Tepalcatepec;16
848;Aguililla;Aguililla;16
849;Apatzingán;Apatzingán;16
850;Parácuaro;Parácuaro;16
851;Coahuayana;Coahuayana;16
852;Chinicuila;Chinicuila;16
853;Coalcomán de Vázquez Pallares;Coalcomán de Vázquez Pallares;16
854;Aquila;Aquila;16
855;Tumbiscatío;Tumbiscatío;16
856;Arteaga;Arteaga;16
857;Lázaro Cárdenas;Lázaro Cárdenas;16
858;Epitacio Huerta;Epitacio Huerta;16
859;Contepec;Contepec;16
860;Tlalpujahua;Tlalpujahua;16
861;Hidalgo;Hidalgo;16
862;Maravatío;Maravatío;16
863;Irimbo;Irimbo;16
864;Senguio;Senguio;16
865;Charo;Charo;16
866;Tzitzio;Tzitzio;16
867;Tiquicheo de Nicolás Romero;Tiquicheo de Nicolás Romero;16
868;Aporo;Aporo;16
869;Angangueo;Angangueo;16
870;Tuxpan;Tuxpan;16
871;Ocampo;Ocampo;16
872;Jungapeo;Jungapeo;16
873;Zitácuaro;Zitácuaro;16
874;Tuzantla;Tuzantla;16
875;Juárez;Juárez;16
876;Susupuato;Susupuato;16
877;Pátzcuaro;Pátzcuaro;16
878;Erongarícuaro;Erongarícuaro;16
879;Huiramba;Huiramba;16
880;Tacámbaro;Tacámbaro;16
881;Turicato;Turicato;16
882;Ziracuaretiro;Ziracuaretiro;16
883;Taretan;Taretan;16
884;Gabriel Zamora;Gabriel Zamora;16
885;Nuevo Urecho;Nuevo Urecho;16
886;Múgica;Múgica;16
887;Salvador Escalante;Salvador Escalante;16
888;Ario;Ario;16
889;La Huacana;La Huacana;16
890;Churumuco;Churumuco;16
891;Nocupétaro;Nocupétaro;16
892;Carácuaro;Carácuaro;16
893;Huetamo;Huetamo;16
894;San Lucas;San Lucas;16
895;Cuernavaca;Cuernavaca;17
896;Huitzilac;Huitzilac;17
897;Tepoztlán;Tepoztlán;17
898;Tlalnepantla;Tlalnepantla;17
899;Tlayacapan;Tlayacapan;17
900;Jiutepec;Jiutepec;17
901;Temixco;Temixco;17
902;Miacatlán;Miacatlán;17
903;Coatlán del Río;Coatlán del Río;17
904;Tetecala;Tetecala;17
905;Mazatepec;Mazatepec;17
906;Amacuzac;Amacuzac;17
907;Puente de Ixtla;Puente de Ixtla;17
908;Ayala;Ayala;17
909;Yautepec;Yautepec;17
910;Cuautla;Cuautla;17
911;Emiliano Zapata;Emiliano Zapata;17
912;Tlaltizapán de Zapata;Tlaltizapán de Zapata;17
913;Zacatepec;Zacatepec;17
914;Xochitepec;Xochitepec;17
915;Tetela del Volcán;Tetela del Volcán;17
916;Yecapixtla;Yecapixtla;17
917;Totolapan;Totolapan;17
918;Atlatlahucan;Atlatlahucan;17
919;Ocuituco;Ocuituco;17
920;Temoac;Temoac;17
921;Zacualpan;Zacualpan;17
922;Jojutla;Jojutla;17
923;Tepalcingo;Tepalcingo;17
924;Jonacatepec;Jonacatepec;17
925;Axochiapan;Axochiapan;17
926;Jantetelco;Jantetelco;17
927;Tlaquiltenango;Tlaquiltenango;17
928;Tepic;Tepic;18
929;Tuxpan;Tuxpan;18
930;Santiago Ixcuintla;Santiago Ixcuintla;18
931;Acaponeta;Acaponeta;18
932;Tecuala;Tecuala;18
933;Huajicori;Huajicori;18
934;Del Nayar;Del Nayar;18
935;La Yesca;La Yesca;18
936;Ruíz;Ruíz;18
937;Rosamorada;Rosamorada;18
938;Compostela;Compostela;18
939;Bahía de Banderas;Bahía de Banderas;18
940;San Blas;San Blas;18
941;Xalisco;Xalisco;18
942;San Pedro Lagunillas;San Pedro Lagunillas;18
943;Santa María del Oro;Santa María del Oro;18
944;Jala;Jala;18
945;Ahuacatlán;Ahuacatlán;18
946;Ixtlán del Río;Ixtlán del Río;18
947;Amatlán de Cañas;Amatlán de Cañas;18
948;Monterrey;Monterrey;19
949;Anáhuac;Anáhuac;19
950;Lampazos de Naranjo;Lampazos de Naranjo;19
951;Mina;Mina;19
952;Bustamante;Bustamante;19
953;Sabinas Hidalgo;Sabinas Hidalgo;19
954;Villaldama;Villaldama;19
955;Vallecillo;Vallecillo;19
956;Parás;Parás;19
957;Salinas Victoria;Salinas Victoria;19
958;Ciénega de Flores;Ciénega de Flores;19
959;Hidalgo;Hidalgo;19
960;Abasolo;Abasolo;19
961;Higueras;Higueras;19
962;General Zuazua;General Zuazua;19
963;Agualeguas;Agualeguas;19
964;General Treviño;General Treviño;19
965;Cerralvo;Cerralvo;19
966;Melchor Ocampo;Melchor Ocampo;19
967;García;García;19
968;General Escobedo;General Escobedo;19
969;Santa Catarina;Santa Catarina;19
970;San Pedro Garza García;San Pedro Garza García;19
971;San Nicolás de los Garza;San Nicolás de los Garza;19
972;El Carmen;El Carmen;19
973;Apodaca;Apodaca;19
974;Pesquería;Pesquería;19
975;Marín;Marín;19
976;Doctor González;Doctor González;19
977;Los Ramones;Los Ramones;19
978;Los Herreras;Los Herreras;19
979;Los Aldamas;Los Aldamas;19
980;Doctor Coss;Doctor Coss;19
981;General Bravo;General Bravo;19
982;China;China;19
983;Guadalupe;Guadalupe;19
984;Juárez;Juárez;19
985;Santiago;Santiago;19
986;Allende;Allende;19
987;General Terán;General Terán;19
988;Cadereyta Jiménez;Cadereyta Jiménez;19
989;Montemorelos;Montemorelos;19
990;Rayones;Rayones;19
991;Linares;Linares;19
992;Iturbide;Iturbide;19
993;Galeana;Galeana;19
994;Hualahuises;Hualahuises;19
995;Doctor Arroyo;Doctor Arroyo;19
996;Aramberri;Aramberri;19
997;General Zaragoza;General Zaragoza;19
998;Mier y Noriega;Mier y Noriega;19
999;Oaxaca de Juárez;Oaxaca de Juárez;20
1000;Villa de Etla;Villa de Etla;20
1001;San Juan Bautista Atatlahuca;San Juan Bautista Atatlahuca;20
1002;San Jerónimo Sosola;San Jerónimo Sosola;20
1003;San Juan Bautista Jayacatlán;San Juan Bautista Jayacatlán;20
1004;San Francisco Telixtlahuaca;San Francisco Telixtlahuaca;20
1005;Santiago Tenango;Santiago Tenango;20
1006;San Pablo Huitzo;San Pablo Huitzo;20
1007;San Juan del Estado;San Juan del Estado;20
1008;Magdalena Apasco;Magdalena Apasco;20
1009;Santiago Suchilquitongo;Santiago Suchilquitongo;20
1010;San Juan Bautista Guelache;San Juan Bautista Guelache;20
1011;Reyes Etla;Reyes Etla;20
1012;Nazareno Etla;Nazareno Etla;20
1013;San Andrés Zautla;San Andrés Zautla;20
1014;San Agustín Etla;San Agustín Etla;20
1015;Soledad Etla;Soledad Etla;20
1016;Santo Tomás Mazaltepec;Santo Tomás Mazaltepec;20
1017;Guadalupe Etla;Guadalupe Etla;20
1018;San Pablo Etla;San Pablo Etla;20
1019;San Felipe Tejalápam;San Felipe Tejalápam;20
1020;San Lorenzo Cacaotepec;San Lorenzo Cacaotepec;20
1021;Santa María Peñoles;Santa María Peñoles;20
1022;Santiago Tlazoyaltepec;Santiago Tlazoyaltepec;20
1023;Tlalixtac de Cabrera;Tlalixtac de Cabrera;20
1024;San Jacinto Amilpas;San Jacinto Amilpas;20
1025;San Andrés Huayápam;San Andrés Huayápam;20
1026;San Agustín Yatareni;San Agustín Yatareni;20
1027;Santo Domingo Tomaltepec;Santo Domingo Tomaltepec;20
1028;Santa María del Tule;Santa María del Tule;20
1029;San Juan Bautista Tuxtepec;San Juan Bautista Tuxtepec;20
1030;Loma Bonita;Loma Bonita;20
1031;San José Independencia;San José Independencia;20
1032;Cosolapa;Cosolapa;20
1033;Acatlán de Pérez Figueroa;Acatlán de Pérez Figueroa;20
1034;San Miguel Soyaltepec;San Miguel Soyaltepec;20
1035;Ayotzintepec;Ayotzintepec;20
1036;San Pedro Ixcatlán;San Pedro Ixcatlán;20
1037;San José Chiltepec;San José Chiltepec;20
1038;San Felipe Jalapa de Díaz;San Felipe Jalapa de Díaz;20
1039;Santa María Jacatepec;Santa María Jacatepec;20
1040;San Lucas Ojitlán;San Lucas Ojitlán;20
1041;San Juan Bautista Valle Nacional;San Juan Bautista Valle Nacional;20
1042;San Felipe Usila;San Felipe Usila;20
1043;Huautla de Jiménez;Huautla de Jiménez;20
1044;Santa María Chilchotla;Santa María Chilchotla;20
1045;Santa Ana Ateixtlahuaca;Santa Ana Ateixtlahuaca;20
1046;San Lorenzo Cuaunecuiltitla;San Lorenzo Cuaunecuiltitla;20
1047;San Francisco Huehuetlán;San Francisco Huehuetlán;20
1048;San Pedro Ocopetatillo;San Pedro Ocopetatillo;20
1049;Santa Cruz Acatepec;Santa Cruz Acatepec;20
1050;Eloxochitlán de Flores Magón;Eloxochitlán de Flores Magón;20
1051;Santiago Texcalcingo;Santiago Texcalcingo;20
1052;Teotitlán de Flores Magón;Teotitlán de Flores Magón;20
1053;Santa María Teopoxco;Santa María Teopoxco;20
1054;San Martín Toxpalan;San Martín Toxpalan;20
1055;San Jerónimo Tecóatl;San Jerónimo Tecóatl;20
1056;Santa María la Asunción;Santa María la Asunción;20
1057;Huautepec;Huautepec;20
1058;San Juan Coatzóspam;San Juan Coatzóspam;20
1059;San Lucas Zoquiápam;San Lucas Zoquiápam;20
1060;San Antonio Nanahuatípam;San Antonio Nanahuatípam;20
1061;San José Tenango;San José Tenango;20
1062;San Mateo Yoloxochitlán;San Mateo Yoloxochitlán;20
1063;San Bartolomé Ayautla;San Bartolomé Ayautla;20
1064;Mazatlán Villa de Flores;Mazatlán Villa de Flores;20
1065;San Juan de los Cués;San Juan de los Cués;20
1066;Santa María Tecomavaca;Santa María Tecomavaca;20
1067;Santa María Ixcatlán;Santa María Ixcatlán;20
1068;San Juan Bautista Cuicatlán;San Juan Bautista Cuicatlán;20
1069;Cuyamecalco Villa de Zaragoza;Cuyamecalco Villa de Zaragoza;20
1070;Santa Ana Cuauhtémoc;Santa Ana Cuauhtémoc;20
1071;Chiquihuitlán de Benito Juárez;Chiquihuitlán de Benito Juárez;20
1072;San Pedro Teutila;San Pedro Teutila;20
1073;San Miguel Santa Flor;San Miguel Santa Flor;20
1074;Santa María Tlalixtac;Santa María Tlalixtac;20
1075;San Andrés Teotilálpam;San Andrés Teotilálpam;20
1076;San Francisco Chapulapa;San Francisco Chapulapa;20
1077;Concepción Pápalo;Concepción Pápalo;20
1078;Santos Reyes Pápalo;Santos Reyes Pápalo;20
1079;San Juan Bautista Tlacoatzintepec;San Juan Bautista Tlacoatzintepec;20
1080;Santa María Pápalo;Santa María Pápalo;20
1081;San Juan Tepeuxila;San Juan Tepeuxila;20
1082;San Pedro Sochiápam;San Pedro Sochiápam;20
1083;Valerio Trujano;Valerio Trujano;20
1084;San Pedro Jocotipac;San Pedro Jocotipac;20
1085;Santa María Texcatitlán;Santa María Texcatitlán;20
1086;San Pedro Jaltepetongo;San Pedro Jaltepetongo;20
1087;Santiago Nacaltepec;Santiago Nacaltepec;20
1088;Natividad;Natividad;20
1089;San Juan Quiotepec;San Juan Quiotepec;20
1090;San Pedro Yólox;San Pedro Yólox;20
1091;Santiago Comaltepec;Santiago Comaltepec;20
1092;Abejones;Abejones;20
1093;San Pablo Macuiltianguis;San Pablo Macuiltianguis;20
1094;Ixtlán de Juárez;Ixtlán de Juárez;20
1095;San Juan Atepec;San Juan Atepec;20
1096;San Pedro Yaneri;San Pedro Yaneri;20
1097;San Miguel Aloápam;San Miguel Aloápam;20
1098;Teococuilco de Marcos Pérez;Teococuilco de Marcos Pérez;20
1099;Santa Ana Yareni;Santa Ana Yareni;20
1100;San Juan Evangelista Analco;San Juan Evangelista Analco;20
1101;Santa María Jaltianguis;Santa María Jaltianguis;20
1102;San Miguel del Río;San Miguel del Río;20
1103;San Juan Chicomezúchil;San Juan Chicomezúchil;20
1104;Capulálpam de Méndez;Capulálpam de Méndez;20
1105;Nuevo Zoquiápam;Nuevo Zoquiápam;20
1106;Santiago Xiacuí;Santiago Xiacuí;20
1107;Guelatao de Juárez;Guelatao de Juárez;20
1108;Santa Catarina Ixtepeji;Santa Catarina Ixtepeji;20
1109;San Miguel Yotao;San Miguel Yotao;20
1110;Santa Catarina Lachatao;Santa Catarina Lachatao;20
1111;San Miguel Amatlán;San Miguel Amatlán;20
1112;Santa María Yavesía;Santa María Yavesía;20
1113;Santiago Laxopa;Santiago Laxopa;20
1114;San Ildefonso Villa Alta;San Ildefonso Villa Alta;20
1115;Santiago Camotlán;Santiago Camotlán;20
1116;San Juan Yaeé;San Juan Yaeé;20
1117;Santiago Lalopa;Santiago Lalopa;20
1118;San Juan Yatzona;San Juan Yatzona;20
1119;Villa Talea de Castro;Villa Talea de Castro;20
1120;Tanetze de Zaragoza;Tanetze de Zaragoza;20
1121;San Juan Juquila Vijanos;San Juan Juquila Vijanos;20
1122;San Cristóbal Lachirioag;San Cristóbal Lachirioag;20
1123;Santa María Temaxcalapa;Santa María Temaxcalapa;20
1124;Santo Domingo Roayaga;Santo Domingo Roayaga;20
1125;Santa María Yalina;Santa María Yalina;20
1126;San Andrés Solaga;San Andrés Solaga;20
1127;San Juan Tabaá;San Juan Tabaá;20
1128;San Melchor Betaza;San Melchor Betaza;20
1129;San Andrés Yaá;San Andrés Yaá;20
1130;San Bartolomé Zoogocho;San Bartolomé Zoogocho;20
1131;San Baltazar Yatzachi el Bajo;San Baltazar Yatzachi el Bajo;20
1132;Santiago Zoochila;Santiago Zoochila;20
1133;Villa Hidalgo;Villa Hidalgo;20
1134;San Francisco Cajonos;San Francisco Cajonos;20
1135;San Mateo Cajonos;San Mateo Cajonos;20
1136;San Pedro Cajonos;San Pedro Cajonos;20
1137;Santo Domingo Xagacía;Santo Domingo Xagacía;20
1138;San Pablo Yaganiza;San Pablo Yaganiza;20
1139;Santiago Choápam;Santiago Choápam;20
1140;Santiago Jocotepec;Santiago Jocotepec;20
1141;San Juan Lalana;San Juan Lalana;20
1142;Santiago Yaveo;Santiago Yaveo;20
1143;San Juan Petlapa;San Juan Petlapa;20
1144;San Juan Comaltepec;San Juan Comaltepec;20
1145;Heroica Ciudad de Huajuapan de León;Heroica Ciudad de Huajuapan de León;20
1146;Santiago Chazumba;Santiago Chazumba;20
1147;Cosoltepec;Cosoltepec;20
1148;San Pedro y San Pablo Tequixtepec;San Pedro y San Pablo Tequixtepec;20
1149;San Juan Bautista Suchitepec;San Juan Bautista Suchitepec;20
1150;Santa Catarina Zapoquila;Santa Catarina Zapoquila;20
1151;Santiago Miltepec;Santiago Miltepec;20
1152;San Jerónimo Silacayoapilla;San Jerónimo Silacayoapilla;20
1153;Zapotitlán Palmas;Zapotitlán Palmas;20
1154;San Andrés Dinicuiti;San Andrés Dinicuiti;20
1155;Santiago Cacaloxtepec;Santiago Cacaloxtepec;20
1156;Asunción Cuyotepeji;Asunción Cuyotepeji;20
1157;Santa María Camotlán;Santa María Camotlán;20
1158;Santiago Huajolotitlán;Santiago Huajolotitlán;20
1159;Santiago Tamazola;Santiago Tamazola;20
1160;San Juan Cieneguilla;San Juan Cieneguilla;20
1161;Zapotitlán Lagunas;Zapotitlán Lagunas;20
1162;San Juan Ihualtepec;San Juan Ihualtepec;20
1163;San Nicolás Hidalgo;San Nicolás Hidalgo;20
1164;Guadalupe de Ramírez;Guadalupe de Ramírez;20
1165;San Andrés Tepetlapa;San Andrés Tepetlapa;20
1166;San Miguel Ahuehuetitlán;San Miguel Ahuehuetitlán;20
1167;San Mateo Nejápam;San Mateo Nejápam;20
1168;San Juan Bautista Tlachichilco;San Juan Bautista Tlachichilco;20
1169;Tezoatlán de Segura y Luna;Tezoatlán de Segura y Luna;20
1170;Fresnillo de Trujano;Fresnillo de Trujano;20
1171;Santiago Ayuquililla;Santiago Ayuquililla;20
1172;San José Ayuquila;San José Ayuquila;20
1173;San Martín Zacatepec;San Martín Zacatepec;20
1174;San Miguel Amatitlán;San Miguel Amatitlán;20
1175;Mariscala de Juárez;Mariscala de Juárez;20
1176;Santa Cruz Tacache de Mina;Santa Cruz Tacache de Mina;20
1177;San Simón Zahuatlán;San Simón Zahuatlán;20
1178;San Marcos Arteaga;San Marcos Arteaga;20
1179;San Jorge Nuchita;San Jorge Nuchita;20
1180;Santos Reyes Yucuná;Santos Reyes Yucuná;20
1181;Santo Domingo Tonalá;Santo Domingo Tonalá;20
1182;Santo Domingo Yodohino;Santo Domingo Yodohino;20
1183;San Juan Bautista Coixtlahuaca;San Juan Bautista Coixtlahuaca;20
1184;Tepelmeme Villa de Morelos;Tepelmeme Villa de Morelos;20
1185;Concepción Buenavista;Concepción Buenavista;20
1186;Santiago Ihuitlán Plumas;Santiago Ihuitlán Plumas;20
1187;Tlacotepec Plumas;Tlacotepec Plumas;20
1188;San Francisco Teopan;San Francisco Teopan;20
1189;Santa Magdalena Jicotlán;Santa Magdalena Jicotlán;20
1190;San Mateo Tlapiltepec;San Mateo Tlapiltepec;20
1191;San Miguel Tequixtepec;San Miguel Tequixtepec;20
1192;San Miguel Tulancingo;San Miguel Tulancingo;20
1193;Santiago Tepetlapa;Santiago Tepetlapa;20
1194;San Cristóbal Suchixtlahuaca;San Cristóbal Suchixtlahuaca;20
1195;Santa María Nativitas;Santa María Nativitas;20
1196;Silacayoápam;Silacayoápam;20
1197;Santiago Yucuyachi;Santiago Yucuyachi;20
1198;San Lorenzo Victoria;San Lorenzo Victoria;20
1199;San Agustín Atenango;San Agustín Atenango;20
1200;Calihualá;Calihualá;20
1201;Santa Cruz de Bravo;Santa Cruz de Bravo;20
1202;Ixpantepec Nieves;Ixpantepec Nieves;20
1203;San Francisco Tlapancingo;San Francisco Tlapancingo;20
1204;Santiago del Río;Santiago del Río;20
1205;San Pedro y San Pablo Teposcolula;San Pedro y San Pablo Teposcolula;20
1206;La Trinidad Vista Hermosa;La Trinidad Vista Hermosa;20
1207;Villa de Tamazulápam del Progreso;Villa de Tamazulápam del Progreso;20
1208;San Pedro Nopala;San Pedro Nopala;20
1209;Teotongo;Teotongo;20
1210;San Antonio Acutla;San Antonio Acutla;20
1211;Villa Tejúpam de la Unión;Villa Tejúpam de la Unión;20
1212;Santo Domingo Tonaltepec;Santo Domingo Tonaltepec;20
1213;Villa de Chilapa de Díaz;Villa de Chilapa de Díaz;20
1214;San Antonino Monte Verde;San Antonino Monte Verde;20
1215;San Andrés Lagunas;San Andrés Lagunas;20
1216;San Pedro Yucunama;San Pedro Yucunama;20
1217;San Juan Teposcolula;San Juan Teposcolula;20
1218;San Bartolo Soyaltepec;San Bartolo Soyaltepec;20
1219;Santiago Yolomécatl;Santiago Yolomécatl;20
1220;San Sebastián Nicananduta;San Sebastián Nicananduta;20
1221;Santo Domingo Tlatayápam;Santo Domingo Tlatayápam;20
1222;Santa María Nduayaco;Santa María Nduayaco;20
1223;San Vicente Nuñú;San Vicente Nuñú;20
1224;San Pedro Topiltepec;San Pedro Topiltepec;20
1225;Santiago Nejapilla;Santiago Nejapilla;20
1226;Asunción Nochixtlán;Asunción Nochixtlán;20
1227;San Miguel Huautla;San Miguel Huautla;20
1228;San Miguel Chicahua;San Miguel Chicahua;20
1229;Santa María Apazco;Santa María Apazco;20
1230;Santiago Apoala;Santiago Apoala;20
1231;Santa María Chachoápam;Santa María Chachoápam;20
1232;San Pedro Coxcaltepec Cántaros;San Pedro Coxcaltepec Cántaros;20
1233;Santiago Huauclilla;Santiago Huauclilla;20
1234;Santo Domingo Yanhuitlán;Santo Domingo Yanhuitlán;20
1235;San Andrés Sinaxtla;San Andrés Sinaxtla;20
1236;San Juan Yucuita;San Juan Yucuita;20
1237;San Juan Sayultepec;San Juan Sayultepec;20
1238;Santiago Tillo;Santiago Tillo;20
1239;San Francisco Chindúa;San Francisco Chindúa;20
1240;San Mateo Etlatongo;San Mateo Etlatongo;20
1241;Santa Inés de Zaragoza;Santa Inés de Zaragoza;20
1242;Santiago Juxtlahuaca;Santiago Juxtlahuaca;20
1243;San Miguel Tlacotepec;San Miguel Tlacotepec;20
1244;San Sebastián Tecomaxtlahuaca;San Sebastián Tecomaxtlahuaca;20
1245;Santos Reyes Tepejillo;Santos Reyes Tepejillo;20
1246;San Juan Mixtepec -Dto. 08 -,San Juan Mixtepec -Dto. 08 -;;20
1247;San Martín Peras;San Martín Peras;20
1248;Coicoyán de las Flores;Coicoyán de las Flores;20
1249;Heroica Ciudad de Tlaxiaco;Heroica Ciudad de Tlaxiaco;20
1250;San Juan Ñumí;San Juan Ñumí;20
1251;San Pedro Mártir Yucuxaco;San Pedro Mártir Yucuxaco;20
1252;San Martín Huamelúlpam;San Martín Huamelúlpam;20
1253;Santa Cruz Tayata;Santa Cruz Tayata;20
1254;Santiago Nundiche;Santiago Nundiche;20
1255;Santa María del Rosario;Santa María del Rosario;20
1256;San Juan Achiutla;San Juan Achiutla;20
1257;Santa Catarina Tayata;Santa Catarina Tayata;20
1258;San Cristóbal Amoltepec;San Cristóbal Amoltepec;20
1259;San Miguel Achiutla;San Miguel Achiutla;20
1260;San Martín Itunyoso;San Martín Itunyoso;20
1261;Magdalena Peñasco;Magdalena Peñasco;20
1262;San Bartolomé Yucuañe;San Bartolomé Yucuañe;20
1263;Santa Cruz Nundaco;Santa Cruz Nundaco;20
1264;San Agustín Tlacotepec;San Agustín Tlacotepec;20
1265;Santo Tomás Ocotepec;Santo Tomás Ocotepec;20
1266;San Antonio Sinicahua;San Antonio Sinicahua;20
1267;San Mateo Peñasco;San Mateo Peñasco;20
1268;Santa María Tataltepec;Santa María Tataltepec;20
1269;San Pedro Molinos;San Pedro Molinos;20
1270;Santa María Yosoyúa;Santa María Yosoyúa;20
1271;San Juan Teita;San Juan Teita;20
1272;Magdalena Jaltepec;Magdalena Jaltepec;20
1273;Magdalena Yodocono de Porfirio Díaz;Magdalena Yodocono de Porfirio Díaz;20
1274;San Miguel Tecomatlán;San Miguel Tecomatlán;20
1275;Magdalena Zahuatlán;Magdalena Zahuatlán;20
1276;San Francisco Nuxaño;San Francisco Nuxaño;20
1277;San Pedro Tidaá;San Pedro Tidaá;20
1278;San Francisco Jaltepetongo;San Francisco Jaltepetongo;20
1279;Santiago Tilantongo;Santiago Tilantongo;20
1280;San Juan Diuxi;San Juan Diuxi;20
1281;San Andrés Nuxiño;San Andrés Nuxiño;20
1282;San Juan Tamazola;San Juan Tamazola;20
1283;Santo Domingo Nuxaá;Santo Domingo Nuxaá;20
1284;Yutanduchi de Guerrero;Yutanduchi de Guerrero;20
1285;San Pedro Teozacoalco;San Pedro Teozacoalco;20
1286;San Miguel Piedras;San Miguel Piedras;20
1287;San Mateo Sindihui;San Mateo Sindihui;20
1288;Heroica Ciudad de Juchitán de Zaragoza;Heroica Ciudad de Juchitán de Zaragoza;20
1289;Ciudad Ixtepec;Ciudad Ixtepec;20
1290;El Espinal;El Espinal;20
1291;Santo Domingo Ingenio;Santo Domingo Ingenio;20
1292;Santa María Xadani;Santa María Xadani;20
1293;Santiago Niltepec;Santiago Niltepec;20
1294;San Dionisio del Mar;San Dionisio del Mar;20
1295;Asunción Ixtaltepec;Asunción Ixtaltepec;20
1296;San Francisco del Mar;San Francisco del Mar;20
1297;Unión Hidalgo;Unión Hidalgo;20
1298;San Miguel Chimalapa;San Miguel Chimalapa;20
1299;Santo Domingo Zanatepec;Santo Domingo Zanatepec;20
1300;Reforma de Pineda;Reforma de Pineda;20
1301;San Francisco Ixhuatán;San Francisco Ixhuatán;20
1302;San Pedro Tapanatepec;San Pedro Tapanatepec;20
1303;Chahuites;Chahuites;20
1304;Santiago Zacatepec;Santiago Zacatepec;20
1305;Santo Domingo Tepuxtepec;Santo Domingo Tepuxtepec;20
1306;San Juan Cotzocón;San Juan Cotzocón;20
1307;San Juan Mazatlán;San Juan Mazatlán;20
1308;Totontepec Villa de Morelos;Totontepec Villa de Morelos;20
1309;Mixistlán de la Reforma;Mixistlán de la Reforma;20
1310;Santa María Tlahuitoltepec;Santa María Tlahuitoltepec;20
1311;Santa María Alotepec;Santa María Alotepec;20
1312;Santiago Atitlán;Santiago Atitlán;20
1313;Tamazulápam del Espíritu Santo;Tamazulápam del Espíritu Santo;20
1314;San Pedro y San Pablo Ayutla;San Pedro y San Pablo Ayutla;20
1315;Santa María Tepantlali;Santa María Tepantlali;20
1316;San Miguel Quetzaltepec;San Miguel Quetzaltepec;20
1317;Asunción Cacalotepec;Asunción Cacalotepec;20
1318;San Pedro Ocotepec;San Pedro Ocotepec;20
1319;San Lucas Camotlán;San Lucas Camotlán;20
1320;Santiago Ixcuintepec;Santiago Ixcuintepec;20
1321;Matías Romero Avendaño;Matías Romero Avendaño;20
1322;San Juan Guichicovi;San Juan Guichicovi;20
1323;Santo Domingo Petapa;Santo Domingo Petapa;20
1324;Santa María Chimalapa;Santa María Chimalapa;20
1325;Santa María Petapa;Santa María Petapa;20
1326;El Barrio de la Soledad;El Barrio de la Soledad;20
1327;Tlacolula de Matamoros;Tlacolula de Matamoros;20
1328;San Sebastián Abasolo;San Sebastián Abasolo;20
1329;Villa Díaz Ordaz;Villa Díaz Ordaz;20
1330;Santa María Guelacé;Santa María Guelacé;20
1331;Teotitlán del Valle;Teotitlán del Valle;20
1332;San Francisco Lachigoló;San Francisco Lachigoló;20
1333;San Sebastián Teitipac;San Sebastián Teitipac;20
1334;Santa Ana del Valle;Santa Ana del Valle;20
1335;San Pablo Villa de Mitla;San Pablo Villa de Mitla;20
1336;Santiago Matatlán;Santiago Matatlán;20
1337;Santo Domingo Albarradas;Santo Domingo Albarradas;20
1338;Rojas de Cuauhtémoc;Rojas de Cuauhtémoc;20
1339;San Juan Teitipac;San Juan Teitipac;20
1340;Santa Cruz Papalutla;Santa Cruz Papalutla;20
1341;Magdalena Teitipac;Magdalena Teitipac;20
1342;San Jerónimo Tlacochahuaya;San Jerónimo Tlacochahuaya;20
1343;San Juan Guelavía;San Juan Guelavía;20
1344;San Lucas Quiaviní;San Lucas Quiaviní;20
1345;San Juan del Río;San Juan del Río;20
1346;San Bartolomé Quialana;San Bartolomé Quialana;20
1347;San Lorenzo Albarradas;San Lorenzo Albarradas;20
1348;San Pedro Totolápam;San Pedro Totolápam;20
1349;San Pedro Quiatoni;San Pedro Quiatoni;20
1350;Santa María Zoquitlán;Santa María Zoquitlán;20
1351;San Dionisio Ocotepec;San Dionisio Ocotepec;20
1352;San Carlos Yautepec;San Carlos Yautepec;20
1353;San Juan Juquila Mixes;San Juan Juquila Mixes;20
1354;Nejapa de Madero;Nejapa de Madero;20
1355;Santa Ana Tavela;Santa Ana Tavela;20
1356;San Juan Lajarcia;San Juan Lajarcia;20
1357;San Bartolo Yautepec;San Bartolo Yautepec;20
1358;Santa María Ecatepec;Santa María Ecatepec;20
1359;Asunción Tlacolulita;Asunción Tlacolulita;20
1360;San Pedro Mártir Quiechapa;San Pedro Mártir Quiechapa;20
1361;Santa María Quiegolani;Santa María Quiegolani;20
1362;Santa Catarina Quioquitani;Santa Catarina Quioquitani;20
1363;Santa Catalina Quierí;Santa Catalina Quierí;20
1364;Salina Cruz;Salina Cruz;20
1365;Santiago Lachiguiri;Santiago Lachiguiri;20
1366;Santa María Jalapa del Marqués;Santa María Jalapa del Marqués;20
1367;Santa María Totolapilla;Santa María Totolapilla;20
1368;Santiago Laollaga;Santiago Laollaga;20
1369;Guevea de Humboldt;Guevea de Humboldt;20
1370;Santo Domingo Chihuitán;Santo Domingo Chihuitán;20
1371;Santa María Guienagati;Santa María Guienagati;20
1372;Magdalena Tequisistlán;Magdalena Tequisistlán;20
1373;Magdalena Tlacotepec;Magdalena Tlacotepec;20
1374;San Pedro Comitancillo;San Pedro Comitancillo;20
1375;Santa María Mixtequilla;Santa María Mixtequilla;20
1376;Santo Domingo Tehuantepec;Santo Domingo Tehuantepec;20
1377;San Pedro Huamelula;San Pedro Huamelula;20
1378;San Pedro Huilotepec;San Pedro Huilotepec;20
1379;San Mateo del Mar;San Mateo del Mar;20
1380;San Blas Atempa;San Blas Atempa;20
1381;Santiago Astata;Santiago Astata;20
1382;San Miguel Tenango;San Miguel Tenango;20
1383;Miahuatlán de Porfirio Díaz;Miahuatlán de Porfirio Díaz;20
1384;San Nicolás;San Nicolás;20
1385;San Simón Almolongas;San Simón Almolongas;20
1386;San Luis Amatlán;San Luis Amatlán;20
1387;San José Lachiguiri;San José Lachiguiri;20
1388;Sitio de Xitlapehua;Sitio de Xitlapehua;20
1389;San Francisco Logueche;San Francisco Logueche;20
1390;Santa Ana;Santa Ana;20
1391;Santa Cruz Xitla;Santa Cruz Xitla;20
1392;Monjas;Monjas;20
1393;San Ildefonso Amatlán;San Ildefonso Amatlán;20
1394;Santa Catarina Cuixtla;Santa Catarina Cuixtla;20
1395;San José del Peñasco;San José del Peñasco;20
1396;San Cristóbal Amatlán;San Cristóbal Amatlán;20
1397;San Juan Mixtepec -Dto. 26 -,San Juan Mixtepec -Dto. 26 -;;20
1398;San Pedro Mixtepec -Dto. 26 -,San Pedro Mixtepec -Dto. 26 -;;20
1399;Santa Lucía Miahuatlán;Santa Lucía Miahuatlán;20
1400;San Jerónimo Coatlán;San Jerónimo Coatlán;20
1401;San Sebastián Coatlán;San Sebastián Coatlán;20
1402;San Pablo Coatlán;San Pablo Coatlán;20
1403;San Mateo Río Hondo;San Mateo Río Hondo;20
1404;Santo Tomás Tamazulapan;Santo Tomás Tamazulapan;20
1405;San Andrés Paxtlán;San Andrés Paxtlán;20
1406;Santa María Ozolotepec;Santa María Ozolotepec;20
1407;San Miguel Coatlán;San Miguel Coatlán;20
1408;San Sebastián Río Hondo;San Sebastián Río Hondo;20
1409;San Miguel Suchixtepec;San Miguel Suchixtepec;20
1410;Santo Domingo Ozolotepec;Santo Domingo Ozolotepec;20
1411;San Francisco Ozolotepec;San Francisco Ozolotepec;20
1412;Santiago Xanica;Santiago Xanica;20
1413;San Marcial Ozolotepec;San Marcial Ozolotepec;20
1414;San Juan Ozolotepec;San Juan Ozolotepec;20
1415;San Pedro Pochutla;San Pedro Pochutla;20
1416;Santo Domingo de Morelos;Santo Domingo de Morelos;20
1417;Santa Catarina Loxicha;Santa Catarina Loxicha;20
1418;San Agustín Loxicha;San Agustín Loxicha;20
1419;San Baltazar Loxicha;San Baltazar Loxicha;20
1420;Santa María Colotepec;Santa María Colotepec;20
1421;San Bartolomé Loxicha;San Bartolomé Loxicha;20
1422;Santa María Tonameca;Santa María Tonameca;20
1423;Candelaria Loxicha;Candelaria Loxicha;20
1424;Pluma Hidalgo;Pluma Hidalgo;20
1425;San Pedro el Alto;San Pedro el Alto;20
1426;San Mateo Piñas;San Mateo Piñas;20
1427;Santa María Huatulco;Santa María Huatulco;20
1428;San Miguel del Puerto;San Miguel del Puerto;20
1429;Putla Villa de Guerrero;Putla Villa de Guerrero;20
1430;Constancia del Rosario;Constancia del Rosario;20
1431;Mesones Hidalgo;Mesones Hidalgo;20
1432;Santa María Zacatepec;Santa María Zacatepec;20
1433;San Pedro Amuzgos;San Pedro Amuzgos;20
1434;La Reforma;La Reforma;20
1435;Santa María Ipalapa;Santa María Ipalapa;20
1436;Chalcatongo de Hidalgo;Chalcatongo de Hidalgo;20
1437;Santa María Yucuhiti;Santa María Yucuhiti;20
1438;San Esteban Atatlahuca;San Esteban Atatlahuca;20
1439;Santa Catarina Ticuá;Santa Catarina Ticuá;20
1440;Santiago Nuyoó;Santiago Nuyoó;20
1441;Santa Catarina Yosonotú;Santa Catarina Yosonotú;20
1442;San Miguel el Grande;San Miguel el Grande;20
1443;Santo Domingo Ixcatlán;Santo Domingo Ixcatlán;20
1444;San Pablo Tijaltepec;San Pablo Tijaltepec;20
1445;Santa Cruz Tacahua;Santa Cruz Tacahua;20
1446;Santa Lucía Monteverde;Santa Lucía Monteverde;20
1447;San Andrés Cabecera Nueva;San Andrés Cabecera Nueva;20
1448;Santa María Yolotepec;Santa María Yolotepec;20
1449;Santiago Yosondúa;Santiago Yosondúa;20
1450;Santa Cruz Itundujia;Santa Cruz Itundujia;20
1451;Zimatlán de Álvarez;Zimatlán de Álvarez;20
1452;San Bernardo Mixtepec;San Bernardo Mixtepec;20
1453;Santa Cruz Mixtepec;Santa Cruz Mixtepec;20
1454;San Miguel Mixtepec;San Miguel Mixtepec;20
1455;Santa María Atzompa;Santa María Atzompa;20
1456;San Andrés Ixtlahuaca;San Andrés Ixtlahuaca;20
1457;Santa Cruz Amilpas;Santa Cruz Amilpas;20
1458;Santa Cruz Xoxocotlán;Santa Cruz Xoxocotlán;20
1459;Santa Lucía del Camino;Santa Lucía del Camino;20
1460;San Pedro Ixtlahuaca;San Pedro Ixtlahuaca;20
1461;San Antonio de la Cal;San Antonio de la Cal;20
1462;San Agustín de las Juntas;San Agustín de las Juntas;20
1463;San Pablo Huixtepec;San Pablo Huixtepec;20
1464;Ánimas Trujano;Ánimas Trujano;20
1465;San Jacinto Tlacotepec;San Jacinto Tlacotepec;20
1466;San Raymundo Jalpan;San Raymundo Jalpan;20
1467;Trinidad Zaachila;Trinidad Zaachila;20
1468;Santa María Coyotepec;Santa María Coyotepec;20
1469;San Bartolo Coyotepec;San Bartolo Coyotepec;20
1470;Santa Inés Yatzeche;Santa Inés Yatzeche;20
1471;Ciénega de Zimatlán;Ciénega de Zimatlán;20
1472;San Antonio Huitepec;San Antonio Huitepec;20
1473;Villa de Zaachila;Villa de Zaachila;20
1474;San Sebastián Tutla;San Sebastián Tutla;20
1475;San Miguel Peras;San Miguel Peras;20
1476;San Pablo Cuatro Venados;San Pablo Cuatro Venados;20
1477;Santa Inés del Monte;Santa Inés del Monte;20
1478;Santa Gertrudis;Santa Gertrudis;20
1479;San Antonino el Alto;San Antonino el Alto;20
1480;Magdalena Mixtepec;Magdalena Mixtepec;20
1481;Santa Catarina Quiané;Santa Catarina Quiané;20
1482;Ayoquezco de Aldama;Ayoquezco de Aldama;20
1483;Santa Ana Tlapacoyan;Santa Ana Tlapacoyan;20
1484;Santa Cruz Zenzontepec;Santa Cruz Zenzontepec;20
1485;San Francisco Cahuacuá;San Francisco Cahuacuá;20
1486;San Mateo Yucutindoo;San Mateo Yucutindoo;20
1487;Santiago Textitlán;Santiago Textitlán;20
1488;Santiago Amoltepec;Santiago Amoltepec;20
1489;Santa María Zaniza;Santa María Zaniza;20
1490;Santo Domingo Teojomulco;Santo Domingo Teojomulco;20
1491;Cuilápam de Guerrero;Cuilápam de Guerrero;20
1492;Villa Sola de Vega;Villa Sola de Vega;20
1493;Santa María Lachixío;Santa María Lachixío;20
1494;San Vicente Lachixío;San Vicente Lachixío;20
1495;San Lorenzo Texmelúcan;San Lorenzo Texmelúcan;20
1496;Santa María Sola;Santa María Sola;20
1497;San Francisco Sola;San Francisco Sola;20
1498;San Ildefonso Sola;San Ildefonso Sola;20
1499;Santiago Minas;Santiago Minas;20
1500;Heroica Ciudad de Ejutla de Crespo;Heroica Ciudad de Ejutla de Crespo;20
1501;San Martín Tilcajete;San Martín Tilcajete;20
1502;Santo Tomás Jalieza;Santo Tomás Jalieza;20
1503;San Juan Chilateca;San Juan Chilateca;20
1504;Ocotlán de Morelos;Ocotlán de Morelos;20
1505;Santa Ana Zegache;Santa Ana Zegache;20
1506;Santiago Apóstol;Santiago Apóstol;20
1507;San Antonino Castillo Velasco;San Antonino Castillo Velasco;20
1508;Asunción Ocotlán;Asunción Ocotlán;20
1509;San Pedro Mártir;San Pedro Mártir;20
1510;San Dionisio Ocotlán;San Dionisio Ocotlán;20
1511;Magdalena Ocotlán;Magdalena Ocotlán;20
1512;San Miguel Tilquiápam;San Miguel Tilquiápam;20
1513;Santa Catarina Minas;Santa Catarina Minas;20
1514;San Baltazar Chichicápam;San Baltazar Chichicápam;20
1515;San Pedro Apóstol;San Pedro Apóstol;20
1516;Santa Lucía Ocotlán;Santa Lucía Ocotlán;20
1517;San Jerónimo Taviche;San Jerónimo Taviche;20
1518;San Andrés Zabache;San Andrés Zabache;20
1519;San José del Progreso;San José del Progreso;20
1520;Yaxe;Yaxe;20
1521;San Pedro Taviche;San Pedro Taviche;20
1522;San Martín de los Cansecos;San Martín de los Cansecos;20
1523;San Martín Lachilá;San Martín Lachilá;20
1524;La Pe;La Pe;20
1525;La Compañía;La Compañía;20
1526;Coatecas Altas;Coatecas Altas;20
1527;San Juan Lachigalla;San Juan Lachigalla;20
1528;San Agustín Amatengo;San Agustín Amatengo;20
1529;Taniche;Taniche;20
1530;San Miguel Ejutla;San Miguel Ejutla;20
1531;Yogana;Yogana;20
1532;San Vicente Coatlán;San Vicente Coatlán;20
1533;Santiago Pinotepa Nacional;Santiago Pinotepa Nacional;20
1534;San Juan Cacahuatepec;San Juan Cacahuatepec;20
1535;San Juan Bautista Lo de Soto;San Juan Bautista Lo de Soto;20
1536;Mártires de Tacubaya;Mártires de Tacubaya;20
1537;San Sebastián Ixcapa;San Sebastián Ixcapa;20
1538;San Antonio Tepetlapa;San Antonio Tepetlapa;20
1539;Santa María Cortijo;Santa María Cortijo;20
1540;Santiago Llano Grande;Santiago Llano Grande;20
1541;San Miguel Tlacamama;San Miguel Tlacamama;20
1542;Santiago Tapextla;Santiago Tapextla;20
1543;San José Estancia Grande;San José Estancia Grande;20
1544;Santo Domingo Armenta;Santo Domingo Armenta;20
1545;Santiago Jamiltepec;Santiago Jamiltepec;20
1546;San Pedro Atoyac;San Pedro Atoyac;20
1547;San Juan Colorado;San Juan Colorado;20
1548;Santiago Ixtayutla;Santiago Ixtayutla;20
1549;San Pedro Jicayán;San Pedro Jicayán;20
1550;Pinotepa de Don Luis;Pinotepa de Don Luis;20
1551;San Lorenzo;San Lorenzo;20
1552;San Agustín Chayuco;San Agustín Chayuco;20
1553;San Andrés Huaxpaltepec;San Andrés Huaxpaltepec;20
1554;Santa Catarina Mechoacán;Santa Catarina Mechoacán;20
1555;Santiago Tetepec;Santiago Tetepec;20
1556;Santa María Huazolotitlán;Santa María Huazolotitlán;20
1557;Villa de Tututepec de Melchor Ocampo;Villa de Tututepec de Melchor Ocampo;20
1558;Tataltepec de Valdés;Tataltepec de Valdés;20
1559;San Juan Quiahije;San Juan Quiahije;20
1560;San Miguel Panixtlahuaca;San Miguel Panixtlahuaca;20
1561;Santa Catarina Juquila;Santa Catarina Juquila;20
1562;San Pedro Juchatengo;San Pedro Juchatengo;20
1563;Santiago Yaitepec;Santiago Yaitepec;20
1564;San Juan Lachao;San Juan Lachao;20
1565;Santa María Temaxcaltepec;Santa María Temaxcaltepec;20
1566;Santos Reyes Nopala;Santos Reyes Nopala;20
1567;San Gabriel Mixtepec;San Gabriel Mixtepec;20
1568;San Pedro Mixtepec -Dto. 22 -,San Pedro Mixtepec -Dto. 22 -;;20
1569;Puebla;Puebla;21
1570;Tlaltenango;Tlaltenango;21
1571;San Miguel Xoxtla;San Miguel Xoxtla;21
1572;Juan C. Bonilla;Juan C. Bonilla;21
1573;Coronango;Coronango;21
1574;Cuautlancingo;Cuautlancingo;21
1575;San Pedro Cholula;San Pedro Cholula;21
1576;San Andrés Cholula;San Andrés Cholula;21
1577;Ocoyucan;Ocoyucan;21
1578;Amozoc;Amozoc;21
1579;Francisco Z. Mena;Francisco Z. Mena;21
1580;Pantepec;Pantepec;21
1581;Venustiano Carranza;Venustiano Carranza;21
1582;Jalpan;Jalpan;21
1583;Tlaxco;Tlaxco;21
1584;Tlacuilotepec;Tlacuilotepec;21
1585;Xicotepec;Xicotepec;21
1586;Pahuatlán;Pahuatlán;21
1587;Honey;Honey;21
1588;Naupan;Naupan;21
1589;Huauchinango;Huauchinango;21
1590;Ahuazotepec;Ahuazotepec;21
1591;Juan Galindo;Juan Galindo;21
1592;Tlaola;Tlaola;21
1593;Zihuateutla;Zihuateutla;21
1594;Jopala;Jopala;21
1595;Tlapacoya;Tlapacoya;21
1596;Chignahuapan;Chignahuapan;21
1597;Zacatlán;Zacatlán;21
1598;Chiconcuautla;Chiconcuautla;21
1599;Ahuacatlán;Ahuacatlán;21
1600;Tepetzintla;Tepetzintla;21
1601;San Felipe Tepatlán;San Felipe Tepatlán;21
1602;Amixtlán;Amixtlán;21
1603;Tepango de Rodríguez;Tepango de Rodríguez;21
1604;Zongozotla;Zongozotla;21
1605;Hermenegildo Galeana;Hermenegildo Galeana;21
1606;Olintla;Olintla;21
1607;Coatepec;Coatepec;21
1608;Camocuautla;Camocuautla;21
1609;Hueytlalpan;Hueytlalpan;21
1610;Zapotitlán de Méndez;Zapotitlán de Méndez;21
1611;Huitzilan de Serdán;Huitzilan de Serdán;21
1612;Xochitlán de Vicente Suárez;Xochitlán de Vicente Suárez;21
1613;Huehuetla;Huehuetla;21
1614;Ixtepec;Ixtepec;21
1615;Atlequizayan;Atlequizayan;21
1616;Tenampulco;Tenampulco;21
1617;Tuzamapan de Galeana;Tuzamapan de Galeana;21
1618;Caxhuacan;Caxhuacan;21
1619;Jonotla;Jonotla;21
1620;Zoquiapan;Zoquiapan;21
1621;Nauzontla;Nauzontla;21
1622;Cuetzalan del Progreso;Cuetzalan del Progreso;21
1623;Ayotoxco de Guerrero;Ayotoxco de Guerrero;21
1624;Hueytamalco;Hueytamalco;21
1625;Acateno;Acateno;21
1626;Cuautempan;Cuautempan;21
1627;Aquixtla;Aquixtla;21
1628;Tetela de Ocampo;Tetela de Ocampo;21
1629;Xochiapulco;Xochiapulco;21
1630;Zacapoaxtla;Zacapoaxtla;21
1631;Zaragoza;Zaragoza;21
1632;Ixtacamaxtitlán;Ixtacamaxtitlán;21
1633;Zautla;Zautla;21
1634;Ocotepec;Ocotepec;21
1635;Libres;Libres;21
1636;Teziutlán;Teziutlán;21
1637;Tlatlauquitepec;Tlatlauquitepec;21
1638;Yaonáhuac;Yaonáhuac;21
1639;Hueyapan;Hueyapan;21
1640;Teteles de Avila Castillo;Teteles de Avila Castillo;21
1641;Atempan;Atempan;21
1642;Chignautla;Chignautla;21
1643;Xiutetelco;Xiutetelco;21
1644;Cuyoaco;Cuyoaco;21
1645;Tepeyahualco;Tepeyahualco;21
1646;San Martín Texmelucan;San Martín Texmelucan;21
1647;Tlahuapan;Tlahuapan;21
1648;San Matías Tlalancaleca;San Matías Tlalancaleca;21
1649;San Salvador el Verde;San Salvador el Verde;21
1650;San Felipe Teotlalcingo;San Felipe Teotlalcingo;21
1651;Chiautzingo;Chiautzingo;21
1652;Huejotzingo;Huejotzingo;21
1653;Domingo Arenas;Domingo Arenas;21
1654;Calpan;Calpan;21
1655;San Nicolás de los Ranchos;San Nicolás de los Ranchos;21
1656;Atlixco;Atlixco;21
1657;Nealtican;Nealtican;21
1658;San Jerónimo Tecuanipan;San Jerónimo Tecuanipan;21
1659;San Gregorio Atzompa;San Gregorio Atzompa;21
1660;Tochimilco;Tochimilco;21
1661;Tianguismanalco;Tianguismanalco;21
1662;Santa Isabel Cholula;Santa Isabel Cholula;21
1663;Huaquechula;Huaquechula;21
1664;San Diego la Mesa Tochimiltzingo;San Diego la Mesa Tochimiltzingo;21
1665;Tepeojuma;Tepeojuma;21
1666;Izúcar de Matamoros;Izúcar de Matamoros;21
1667;Atzitzihuacán;Atzitzihuacán;21
1668;Acteopan;Acteopan;21
1669;Cohuecan;Cohuecan;21
1670;Tepemaxalco;Tepemaxalco;21
1671;Tlapanalá;Tlapanalá;21
1672;Tepexco;Tepexco;21
1673;Tilapa;Tilapa;21
1674;Chietla;Chietla;21
1675;Atzala;Atzala;21
1676;Teopantlán;Teopantlán;21
1677;San Martín Totoltepec;San Martín Totoltepec;21
1678;Xochiltepec;Xochiltepec;21
1679;Epatlán;Epatlán;21
1680;Ahuatlán;Ahuatlán;21
1681;Coatzingo;Coatzingo;21
1682;Santa Catarina Tlaltempan;Santa Catarina Tlaltempan;21
1683;Chigmecatitlán;Chigmecatitlán;21
1684;Zacapala;Zacapala;21
1685;Tepexi de Rodríguez;Tepexi de Rodríguez;21
1686;Teotlalco;Teotlalco;21
1687;Jolalpan;Jolalpan;21
1688;Huehuetlán el Chico;Huehuetlán el Chico;21
1689;Chiautla;Chiautla;21
1690;Cohetzala;Cohetzala;21
1691;Xicotlán;Xicotlán;21
1692;Chila de la Sal;Chila de la Sal;21
1693;Ixcamilpa de Guerrero;Ixcamilpa de Guerrero;21
1694;Albino Zertuche;Albino Zertuche;21
1695;Tulcingo;Tulcingo;21
1696;Tehuitzingo;Tehuitzingo;21
1697;Cuayuca de Andrade;Cuayuca de Andrade;21
1698;Santa Inés Ahuatempan;Santa Inés Ahuatempan;21
1699;Axutla;Axutla;21
1700;Chinantla;Chinantla;21
1701;Ahuehuetitla;Ahuehuetitla;21
1702;San Pablo Anicano;San Pablo Anicano;21
1703;Tecomatlán;Tecomatlán;21
1704;Piaxtla;Piaxtla;21
1705;Guadalupe;Guadalupe;21
1706;Ixcaquixtla;Ixcaquixtla;21
1707;Coyotepec;Coyotepec;21
1708;Xayacatlán de Bravo;Xayacatlán de Bravo;21
1709;Totoltepec de Guerrero;Totoltepec de Guerrero;21
1710;Acatlán;Acatlán;21
1711;San Jerónimo Xayacatlán;San Jerónimo Xayacatlán;21
1712;San Pedro Yeloixtlahuaca;San Pedro Yeloixtlahuaca;21
1713;Petlalcingo;Petlalcingo;21
1714;San Miguel Ixitlán;San Miguel Ixitlán;21
1715;Chila;Chila;21
1716;Rafael Lara Grajales;Rafael Lara Grajales;21
1717;San José Chiapa;San José Chiapa;21
1718;Oriental;Oriental;21
1719;San Nicolás Buenos Aires;San Nicolás Buenos Aires;21
1720;Guadalupe Victoria;Guadalupe Victoria;21
1721;Tlachichuca;Tlachichuca;21
1722;Lafragua;Lafragua;21
1723;Chilchotla;Chilchotla;21
1724;Quimixtlán;Quimixtlán;21
1725;Chichiquila;Chichiquila;21
1726;Tepatlaxco de Hidalgo;Tepatlaxco de Hidalgo;21
1727;Acajete;Acajete;21
1728;Nopalucan;Nopalucan;21
1729;Mazapiltepec de Juárez;Mazapiltepec de Juárez;21
1730;Soltepec;Soltepec;21
1731;Acatzingo;Acatzingo;21
1732;San Salvador el Seco;San Salvador el Seco;21
1733;General Felipe Ángeles;General Felipe Ángeles;21
1734;Aljojuca;Aljojuca;21
1735;San Juan Atenco;San Juan Atenco;21
1736;Tepeaca;Tepeaca;21
1737;Cuautinchán;Cuautinchán;21
1738;Tecali de Herrera;Tecali de Herrera;21
1739;Mixtla;Mixtla;21
1740;Santo Tomás Hueyotlipan;Santo Tomás Hueyotlipan;21
1741;Tzicatlacoyan;Tzicatlacoyan;21
1742;Huehuetlán el Grande;Huehuetlán el Grande;21
1743;La Magdalena Tlatlauquitepec;La Magdalena Tlatlauquitepec;21
1744;San Juan Atzompa;San Juan Atzompa;21
1745;Huatlatlauca;Huatlatlauca;21
1746;Los Reyes de Juárez;Los Reyes de Juárez;21
1747;Cuapiaxtla de Madero;Cuapiaxtla de Madero;21
1748;San Salvador Huixcolotla;San Salvador Huixcolotla;21
1749;Quecholac;Quecholac;21
1750;Tecamachalco;Tecamachalco;21
1751;Palmar de Bravo;Palmar de Bravo;21
1752;Chalchicomula de Sesma;Chalchicomula de Sesma;21
1753;Atzitzintla;Atzitzintla;21
1754;Esperanza;Esperanza;21
1755;Cañada Morelos;Cañada Morelos;21
1756;Tlanepantla;Tlanepantla;21
1757;Tochtepec;Tochtepec;21
1758;Atoyatempan;Atoyatempan;21
1759;Tepeyahualco de Cuauhtémoc;Tepeyahualco de Cuauhtémoc;21
1760;Huitziltepec;Huitziltepec;21
1761;Molcaxac;Molcaxac;21
1762;Xochitlán Todos Santos;Xochitlán Todos Santos;21
1763;Yehualtepec;Yehualtepec;21
1764;Tlacotepec de Benito Juárez;Tlacotepec de Benito Juárez;21
1765;Juan N. Méndez;Juan N. Méndez;21
1766;Tehuacán;Tehuacán;21
1767;Tepanco de López;Tepanco de López;21
1768;Chapulco;Chapulco;21
1769;Santiago Miahuatlán;Santiago Miahuatlán;21
1770;Nicolás Bravo;Nicolás Bravo;21
1771;Atexcal;Atexcal;21
1772;San Antonio Cañada;San Antonio Cañada;21
1773;Zapotitlán;Zapotitlán;21
1774;San Gabriel Chilac;San Gabriel Chilac;21
1775;Caltepec;Caltepec;21
1776;Vicente Guerrero;Vicente Guerrero;21
1777;Ajalpan;Ajalpan;21
1778;Eloxochitlán;Eloxochitlán;21
1779;Zoquitlán;Zoquitlán;21
1780;San Sebastián Tlacotepec;San Sebastián Tlacotepec;21
1781;Altepexi;Altepexi;21
1782;Zinacatepec;Zinacatepec;21
1783;San José Miahuatlán;San José Miahuatlán;21
1784;Coxcatlán;Coxcatlán;21
1785;Coyomeapan;Coyomeapan;21
1786;Querétaro;Querétaro;22
1787;El Marqués;El Marqués;22
1788;Colón;Colón;22
1789;Pinal de Amoles;Pinal de Amoles;22
1790;Jalpan de Serra;Jalpan de Serra;22
1791;Landa de Matamoros;Landa de Matamoros;22
1792;Arroyo Seco;Arroyo Seco;22
1793;Peñamiller;Peñamiller;22
1794;Cadereyta de Montes;Cadereyta de Montes;22
1795;San Joaquín;San Joaquín;22
1796;Tolimán;Tolimán;22
1797;Ezequiel Montes;Ezequiel Montes;22
1798;Pedro Escobedo;Pedro Escobedo;22
1799;Tequisquiapan;Tequisquiapan;22
1800;San Juan del Río;San Juan del Río;22
1801;Amealco de Bonfil;Amealco de Bonfil;22
1802;Corregidora;Corregidora;22
1803;Huimilpan;Huimilpan;22
1804;Othón P. Blanco;Othón P. Blanco;23
1805;Felipe Carrillo Puerto;Felipe Carrillo Puerto;23
1806;Lázaro Cárdenas;Lázaro Cárdenas;23
1807;Isla Mujeres;Isla Mujeres;23
1808;Benito Juárez;Benito Juárez;23
1809;Cozumel;Cozumel;23
1810;Solidaridad;Solidaridad;23
1811;Tulum;Tulum;23
1812;José María Morelos;José María Morelos;23
1813;Bacalar;Bacalar;23
1814;San Luis Potosí;San Luis Potosí;24
1815;Soledad de Graciano Sánchez;Soledad de Graciano Sánchez;24
1816;Cerro de San Pedro;Cerro de San Pedro;24
1817;Ahualulco;Ahualulco;24
1818;Mexquitic de Carmona;Mexquitic de Carmona;24
1819;Villa de Arriaga;Villa de Arriaga;24
1820;Vanegas;Vanegas;24
1821;Cedral;Cedral;24
1822;Catorce;Catorce;24
1823;Charcas;Charcas;24
1824;Salinas;Salinas;24
1825;Santo Domingo;Santo Domingo;24
1826;Villa de Ramos;Villa de Ramos;24
1827;Matehuala;Matehuala;24
1828;Villa de la Paz;Villa de la Paz;24
1829;Villa de Guadalupe;Villa de Guadalupe;24
1830;Guadalcázar;Guadalcázar;24
1831;Moctezuma;Moctezuma;24
1832;Venado;Venado;24
1833;Villa de Arista;Villa de Arista;24
1834;Villa Hidalgo;Villa Hidalgo;24
1835;Armadillo de los Infante;Armadillo de los Infante;24
1836;Ciudad Valles;Ciudad Valles;24
1837;Ebano;Ebano;24
1838;Tamuín;Tamuín;24
1839;El Naranjo;El Naranjo;24
1840;Ciudad del Maíz;Ciudad del Maíz;24
1841;Alaquines;Alaquines;24
1842;Cárdenas;Cárdenas;24
1843;Cerritos;Cerritos;24
1844;Villa Juárez;Villa Juárez;24
1845;San Nicolás Tolentino;San Nicolás Tolentino;24
1846;Villa de Reyes;Villa de Reyes;24
1847;Zaragoza;Zaragoza;24
1848;Santa María del Río;Santa María del Río;24
1849;Tierra Nueva;Tierra Nueva;24
1850;Rioverde;Rioverde;24
1851;Ciudad Fernández;Ciudad Fernández;24
1852;San Ciro de Acosta;San Ciro de Acosta;24
1853;Tamasopo;Tamasopo;24
1854;Rayón;Rayón;24
1855;Aquismón;Aquismón;24
1856;Lagunillas;Lagunillas;24
1857;Santa Catarina;Santa Catarina;24
1858;Tancanhuitz;Tancanhuitz;24
1859;Tanlajás;Tanlajás;24
1860;San Vicente Tancuayalab;San Vicente Tancuayalab;24
1861;San Antonio;San Antonio;24
1862;Tanquián de Escobedo;Tanquián de Escobedo;24
1863;Tampamolón Corona;Tampamolón Corona;24
1864;Coxcatlán;Coxcatlán;24
1865;Huehuetlán;Huehuetlán;24
1866;Xilitla;Xilitla;24
1867;Axtla de Terrazas;Axtla de Terrazas;24
1868;Tampacán;Tampacán;24
1869;San Martín Chalchicuautla;San Martín Chalchicuautla;24
1870;Tamazunchale;Tamazunchale;24
1871;Matlapa;Matlapa;24
1872;Culiacán;Culiacán;25
1873;Navolato;Navolato;25
1874;Badiraguato;Badiraguato;25
1875;Badiraguato;Badiraguato;25
1876;Cosalá;Cosalá;25
1877;Mocorito;Mocorito;25
1878;Guasave;Guasave;25
1879;Ahome;Ahome;25
1880;Salvador Alvarado;Salvador Alvarado;25
1881;Angostura;Angostura;25
1882;Choix;Choix;25
1883;El Fuerte;El Fuerte;25
1884;Sinaloa;Sinaloa;25
1885;Mazatlán;Mazatlán;25
1886;Escuinapa;Escuinapa;25
1887;Concordia;Concordia;25
1888;Elota;Elota;25
1889;Rosario;Rosario;25
1890;San Ignacio;San Ignacio;25
1891;Hermosillo;Hermosillo;26
1892;San Miguel de Horcasitas;San Miguel de Horcasitas;26
1893;Carbó;Carbó;26
1894;San Luis Río Colorado;San Luis Río Colorado;26
1895;Puerto Peñasco;Puerto Peñasco;26
1896;General Plutarco Elías Calles;General Plutarco Elías Calles;26
1897;Caborca;Caborca;26
1898;Altar;Altar;26
1899;Tubutama;Tubutama;26
1900;Atil;Atil;26
1901;Oquitoa;Oquitoa;26
1902;Sáric;Sáric;26
1903;Benjamín Hill;Benjamín Hill;26
1904;Trincheras;Trincheras;26
1905;Pitiquito;Pitiquito;26
1906;Nogales;Nogales;26
1907;Imuris;Imuris;26
1908;Santa Cruz;Santa Cruz;26
1909;Magdalena;Magdalena;26
1910;Naco;Naco;26
1911;Agua Prieta;Agua Prieta;26
1912;Fronteras;Fronteras;26
1913;Nacozari de García;Nacozari de García;26
1914;Bavispe;Bavispe;26
1915;Bacerac;Bacerac;26
1916;Huachinera;Huachinera;26
1917;Nácori Chico;Nácori Chico;26
1918;Granados;Granados;26
1919;Bacadéhuachi;Bacadéhuachi;26
1920;Cumpas;Cumpas;26
1921;Huásabas;Huásabas;26
1922;Moctezuma;Moctezuma;26
1923;Villa Hidalgo;Villa Hidalgo;26
1924;Santa Ana;Santa Ana;26
1925;Cananea;Cananea;26
1926;Arizpe;Arizpe;26
1927;Cucurpe;Cucurpe;26
1928;Bacoachi;Bacoachi;26
1929;San Pedro de la Cueva;San Pedro de la Cueva;26
1930;Divisaderos;Divisaderos;26
1931;Tepache;Tepache;26
1932;Villa Pesqueira;Villa Pesqueira;26
1933;Opodepe;Opodepe;26
1934;Huépac;Huépac;26
1935;Banámichi;Banámichi;26
1936;Ures;Ures;26
1937;Aconchi;Aconchi;26
1938;Baviácora;Baviácora;26
1939;San Felipe de Jesús;San Felipe de Jesús;26
1940;Rayón;Rayón;26
1941;Cajeme;Cajeme;26
1942;Navojoa;Navojoa;26
1943;Huatabampo;Huatabampo;26
1944;Bácum;Bácum;26
1945;Etchojoa;Etchojoa;26
1946;Benito Juárez;Benito Juárez;26
1947;Empalme;Empalme;26
1948;Guaymas;Guaymas;26
1949;San Ignacio Río Muerto;San Ignacio Río Muerto;26
1950;La Colorada;La Colorada;26
1951;Mazatán;Mazatán;26
1952;Suaqui Grande;Suaqui Grande;26
1953;Sahuaripa;Sahuaripa;26
1954;San Javier;San Javier;26
1955;Soyopa;Soyopa;26
1956;Bacanora;Bacanora;26
1957;Arivechi;Arivechi;26
1958;Rosario;Rosario;26
1959;Quiriego;Quiriego;26
1960;Onavas;Onavas;26
1961;Alamos;Alamos;26
1962;Yécora;Yécora;26
1963;Centro;Centro;27
1964;Jalpa de Méndez;Jalpa de Méndez;27
1965;Nacajuca;Nacajuca;27
1966;Comalcalco;Comalcalco;27
1967;Huimanguillo;Huimanguillo;27
1968;Cárdenas;Cárdenas;27
1969;Paraíso;Paraíso;27
1970;Cunduacán;Cunduacán;27
1971;Macuspana;Macuspana;27
1972;Centla;Centla;27
1973;Jonuta;Jonuta;27
1974;Teapa;Teapa;27
1975;Jalapa;Jalapa;27
1976;Tacotalpa;Tacotalpa;27
1977;Tenosique;Tenosique;27
1978;Balancán;Balancán;27
1979;Emiliano Zapata;Emiliano Zapata;27
1980;Victoria;Victoria;28
1981;Llera;Llera;28
1982;Güémez;Güémez;28
1983;Casas;Casas;28
1984;Matamoros;Matamoros;28
1985;Valle Hermoso;Valle Hermoso;28
1986;San Fernando;San Fernando;28
1987;Cruillas;Cruillas;28
1988;San Nicolás;San Nicolás;28
1989;Soto la Marina;Soto la Marina;28
1990;Jiménez;Jiménez;28
1991;San Carlos;San Carlos;28
1992;Abasolo;Abasolo;28
1993;Padilla;Padilla;28
1994;Hidalgo;Hidalgo;28
1995;Mainero;Mainero;28
1996;Villagrán;Villagrán;28
1997;Tula;Tula;28
1998;Jaumave;Jaumave;28
1999;Miquihuana;Miquihuana;28
2000;Bustamante;Bustamante;28
2001;Palmillas;Palmillas;28
2002;Ocampo;Ocampo;28
2003;Nuevo Laredo;Nuevo Laredo;28
2004;Miguel Alemán;Miguel Alemán;28
2005;Guerrero;Guerrero;28
2006;Mier;Mier;28
2007;Gustavo Díaz Ordaz;Gustavo Díaz Ordaz;28
2008;Camargo;Camargo;28
2009;Reynosa;Reynosa;28
2010;Río Bravo;Río Bravo;28
2011;Méndez;Méndez;28
2012;Burgos;Burgos;28
2013;Tampico;Tampico;28
2014;Ciudad Madero;Ciudad Madero;28
2015;Altamira;Altamira;28
2016;Aldama;Aldama;28
2017;González;González;28
2018;Xicoténcatl;Xicoténcatl;28
2019;Gómez Farías;Gómez Farías;28
2020;El Mante;El Mante;28
2021;Antiguo Morelos;Antiguo Morelos;28
2022;Nuevo Morelos;Nuevo Morelos;28
2023;Tlaxcala;Tlaxcala;29
2024;Ixtacuixtla de Mariano Matamoros;Ixtacuixtla de Mariano Matamoros;29
2025;Santa Ana Nopalucan;Santa Ana Nopalucan;29
2026;Panotla;Panotla;29
2027;Totolac;Totolac;29
2028;Tepeyanco;Tepeyanco;29
2029;Santa Isabel Xiloxoxtla;Santa Isabel Xiloxoxtla;29
2030;San Juan Huactzinco;San Juan Huactzinco;29
2031;Calpulalpan;Calpulalpan;29
2032;Sanctórum de Lázaro Cárdenas;Sanctórum de Lázaro Cárdenas;29
2033;Benito Juárez;Benito Juárez;29
2034;Hueyotlipan;Hueyotlipan;29
2035;Tlaxco;Tlaxco;29
2036;Nanacamilpa de Mariano Arista;Nanacamilpa de Mariano Arista;29
2037;Españita;Españita;29
2038;Apizaco;Apizaco;29
2039;Atlangatepec;Atlangatepec;29
2040;Muñoz de Domingo Arenas;Muñoz de Domingo Arenas;29
2041;Tetla de la Solidaridad;Tetla de la Solidaridad;29
2042;Xaltocan;Xaltocan;29
2043;San Lucas Tecopilco;San Lucas Tecopilco;29
2044;Yauhquemehcan;Yauhquemehcan;29
2045;Xaloztoc;Xaloztoc;29
2046;Tocatlán;Tocatlán;29
2047;Tzompantepec;Tzompantepec;29
2048;San José Teacalco;San José Teacalco;29
2049;Huamantla;Huamantla;29
2050;Terrenate;Terrenate;29
2051;Lázaro Cárdenas;Lázaro Cárdenas;29
2052;Emiliano Zapata;Emiliano Zapata;29
2053;Atltzayanca;Atltzayanca;29
2054;Cuapiaxtla;Cuapiaxtla;29
2055;El Carmen Tequexquitla;El Carmen Tequexquitla;29
2056;Ixtenco;Ixtenco;29
2057;Ziltlaltépec de Trinidad Sánchez Santos;Ziltlaltépec de Trinidad Sánchez Santos;29
2058;Apetatitlán de Antonio Carvajal;Apetatitlán de Antonio Carvajal;29
2059;Amaxac de Guerrero;Amaxac de Guerrero;29
2060;Santa Cruz Tlaxcala;Santa Cruz Tlaxcala;29
2061;Cuaxomulco;Cuaxomulco;29
2062;Contla de Juan Cuamatzi;Contla de Juan Cuamatzi;29
2063;Tepetitla de Lardizábal;Tepetitla de Lardizábal;29
2064;Natívitas;Natívitas;29
2065;Santa Apolonia Teacalco;Santa Apolonia Teacalco;29
2066;Tetlatlahuca;Tetlatlahuca;29
2067;San Damián Texóloc;San Damián Texóloc;29
2068;San Jerónimo Zacualpan;San Jerónimo Zacualpan;29
2069;Zacatelco;Zacatelco;29
2070;San Lorenzo Axocomanitla;San Lorenzo Axocomanitla;29
2071;Santa Catarina Ayometla;Santa Catarina Ayometla;29
2072;Xicohtzinco;Xicohtzinco;29
2073;Papalotla de Xicohténcatl;Papalotla de Xicohténcatl;29
2074;Chiautempan;Chiautempan;29
2075;La Magdalena Tlaltelulco;La Magdalena Tlaltelulco;29
2076;San Francisco Tetlanohcan;San Francisco Tetlanohcan;29
2077;Teolocholco;Teolocholco;29
2078;Acuamanala de Miguel Hidalgo;Acuamanala de Miguel Hidalgo;29
2079;Santa Cruz Quilehtla;Santa Cruz Quilehtla;29
2080;Mazatecochco de José María Morelos;Mazatecochco de José María Morelos;29
2081;Tenancingo;Tenancingo;29
2082;San Pablo del Monte;San Pablo del Monte;29
2083;Xalapa;Xalapa;30
2084;Tlalnelhuayocan;Tlalnelhuayocan;30
2085;Xico;Xico;30
2086;Ixhuacán de los Reyes;Ixhuacán de los Reyes;30
2087;Ayahualulco;Ayahualulco;30
2088;Perote;Perote;30
2089;Banderilla;Banderilla;30
2090;Rafael Lucio;Rafael Lucio;30
2091;Acajete;Acajete;30
2092;Las Vigas de Ramírez;Las Vigas de Ramírez;30
2093;Villa Aldama;Villa Aldama;30
2094;Tlacolulan;Tlacolulan;30
2095;Tonayán;Tonayán;30
2096;Coacoatzintla;Coacoatzintla;30
2097;Jilotepec;Jilotepec;30
2098;Naolinco;Naolinco;30
2099;Miahuatlán;Miahuatlán;30
2100;Acatlán;Acatlán;30
2101;Tepetlán;Tepetlán;30
2102;Juchique de Ferrer;Juchique de Ferrer;30
2103;Alto Lucero de Gutiérrez Barrios;Alto Lucero de Gutiérrez Barrios;30
2104;Actopan;Actopan;30
2105;Coatepec;Coatepec;30
2106;Teocelo;Teocelo;30
2107;Cosautlán de Carvajal;Cosautlán de Carvajal;30
2108;Emiliano Zapata;Emiliano Zapata;30
2109;Apazapan;Apazapan;30
2110;Puente Nacional;Puente Nacional;30
2111;Ursulo Galván;Ursulo Galván;30
2112;Paso de Ovejas;Paso de Ovejas;30
2113;La Antigua;La Antigua;30
2114;Veracruz;Veracruz;30
2115;Pánuco;Pánuco;30
2116;Pueblo Viejo;Pueblo Viejo;30
2117;Tampico Alto;Tampico Alto;30
2118;Tempoal;Tempoal;30
2119;Ozuluama de Mascareñas;Ozuluama de Mascareñas;30
2120;Tantoyuca;Tantoyuca;30
2121;Platón Sánchez;Platón Sánchez;30
2122;Chiconamel;Chiconamel;30
2123;Chalma;Chalma;30
2124;Chontla;Chontla;30
2125;Citlaltépetl;Citlaltépetl;30
2126;Ixcatepec;Ixcatepec;30
2127;Naranjos Amatlán;Naranjos Amatlán;30
2128;El Higo;El Higo;30
2129;Chinampa de Gorostiza;Chinampa de Gorostiza;30
2130;Tantima;Tantima;30
2131;Tamalín;Tamalín;30
2132;Cerro Azul;Cerro Azul;30
2133;Tepetzintla;Tepetzintla;30
2134;Tancoco;Tancoco;30
2135;Tamiahua;Tamiahua;30
2136;Huayacocotla;Huayacocotla;30
2137;Ilamatlán;Ilamatlán;30
2138;Zontecomatlán de López y Fuentes;Zontecomatlán de López y Fuentes;30
2139;Texcatepec;Texcatepec;30
2140;Zacualpan;Zacualpan;30
2141;Benito Juárez;Benito Juárez;30
2142;Tlachichilco;Tlachichilco;30
2143;Ixhuatlán de Madero;Ixhuatlán de Madero;30
2144;Chicontepec;Chicontepec;30
2145;Álamo Temapache;Álamo Temapache;30
2146;Tuxpan;Tuxpan;30
2147;Tihuatlán;Tihuatlán;30
2148;Castillo de Teayo;Castillo de Teayo;30
2149;Cazones de Herrera;Cazones de Herrera;30
2150;Zozocolco de Hidalgo;Zozocolco de Hidalgo;30
2151;Chumatlán;Chumatlán;30
2152;Coxquihui;Coxquihui;30
2153;Mecatlán;Mecatlán;30
2154;Filomeno Mata;Filomeno Mata;30
2155;Coahuitlán;Coahuitlán;30
2156;Coyutla;Coyutla;30
2157;Coatzintla;Coatzintla;30
2158;Espinal;Espinal;30
2159;Poza Rica de Hidalgo;Poza Rica de Hidalgo;30
2160;Papantla;Papantla;30
2161;Gutiérrez Zamora;Gutiérrez Zamora;30
2162;Tecolutla;Tecolutla;30
2163;Martínez de la Torre;Martínez de la Torre;30
2164;San Rafael;San Rafael;30
2165;Tlapacoyan;Tlapacoyan;30
2166;Jalacingo;Jalacingo;30
2167;Atzalan;Atzalan;30
2168;Altotonga;Altotonga;30
2169;Las Minas;Las Minas;30
2170;Tatatila;Tatatila;30
2171;Tenochtitlán;Tenochtitlán;30
2172;Nautla;Nautla;30
2173;Misantla;Misantla;30
2174;Landero y Coss;Landero y Coss;30
2175;Chiconquiaco;Chiconquiaco;30
2176;Yecuatla;Yecuatla;30
2177;Colipa;Colipa;30
2178;Vega de Alatorre;Vega de Alatorre;30
2179;Jalcomulco;Jalcomulco;30
2180;Tlaltetela;Tlaltetela;30
2181;Tenampa;Tenampa;30
2182;Totutla;Totutla;30
2183;Sochiapa;Sochiapa;30
2184;Tlacotepec de Mejía;Tlacotepec de Mejía;30
2185;Huatusco;Huatusco;30
2186;Calcahualco;Calcahualco;30
2187;Alpatláhuac;Alpatláhuac;30
2188;Coscomatepec;Coscomatepec;30
2189;La Perla;La Perla;30
2190;Chocamán;Chocamán;30
2191;Tomatlán;Tomatlán;30
2192;Ixhuatlán del Café;Ixhuatlán del Café;30
2193;Tepatlaxco;Tepatlaxco;30
2194;Comapa;Comapa;30
2195;Zentla;Zentla;30
2196;Camarón de Tejeda;Camarón de Tejeda;30
2197;Soledad de Doblado;Soledad de Doblado;30
2198;Manlio Fabio Altamirano;Manlio Fabio Altamirano;30
2199;Jamapa;Jamapa;30
2200;Medellín;Medellín;30
2201;Boca del Río;Boca del Río;30
2202;Orizaba;Orizaba;30
2203;Rafael Delgado;Rafael Delgado;30
2204;Mariano Escobedo;Mariano Escobedo;30
2205;Ixhuatlancillo;Ixhuatlancillo;30
2206;Atzacan;Atzacan;30
2207;Ixtaczoquitlán;Ixtaczoquitlán;30
2208;Fortín;Fortín;30
2209;Córdoba;Córdoba;30
2210;Maltrata;Maltrata;30
2211;Nogales;Nogales;30
2212;Río Blanco;Río Blanco;30
2213;Camerino Z. Mendoza;Camerino Z. Mendoza;30
2214;Aquila;Aquila;30
2215;Acultzingo;Acultzingo;30
2216;Soledad Atzompa;Soledad Atzompa;30
2217;Huiloapan de Cuauhtémoc;Huiloapan de Cuauhtémoc;30
2218;Tlaquilpa;Tlaquilpa;30
2219;Astacinga;Astacinga;30
2220;Xoxocotla;Xoxocotla;30
2221;Atlahuilco;Atlahuilco;30
2222;Tequila;Tequila;30
2223;San Andrés Tenejapan;San Andrés Tenejapan;30
2224;Tlilapan;Tlilapan;30
2225;Magdalena;Magdalena;30
2226;Naranjal;Naranjal;30
2227;Coetzala;Coetzala;30
2228;Omealca;Omealca;30
2229;Cuitláhuac;Cuitláhuac;30
2230;Cuichapa;Cuichapa;30
2231;Yanga;Yanga;30
2232;Amatlán de los Reyes;Amatlán de los Reyes;30
2233;Atoyac;Atoyac;30
2234;Paso del Macho;Paso del Macho;30
2235;Carrillo Puerto;Carrillo Puerto;30
2236;Cotaxtla;Cotaxtla;30
2237;Zongolica;Zongolica;30
2238;Tehuipango;Tehuipango;30
2239;Mixtla de Altamirano;Mixtla de Altamirano;30
2240;Los Reyes;Los Reyes;30
2241;Texhuacán;Texhuacán;30
2242;Tezonapa;Tezonapa;30
2243;Tierra Blanca;Tierra Blanca;30
2244;Tlalixcoyan;Tlalixcoyan;30
2245;Ignacio de la Llave;Ignacio de la Llave;30
2246;Alvarado;Alvarado;30
2247;Lerdo de Tejada;Lerdo de Tejada;30
2248;Tres Valles;Tres Valles;30
2249;Carlos A. Carrillo;Carlos A. Carrillo;30
2250;Cosamaloapan de Carpio;Cosamaloapan de Carpio;30
2251;Ixmatlahuacan;Ixmatlahuacan;30
2252;Acula;Acula;30
2253;Amatitlán;Amatitlán;30
2254;Tlacotalpan;Tlacotalpan;30
2255;Saltabarranca;Saltabarranca;30
2256;Otatitlán;Otatitlán;30
2257;Tlacojalpan;Tlacojalpan;30
2258;Tuxtilla;Tuxtilla;30
2259;Chacaltianguis;Chacaltianguis;30
2260;José Azueta;José Azueta;30
2261;Playa Vicente;Playa Vicente;30
2262;Santiago Sochiapan;Santiago Sochiapan;30
2263;Isla;Isla;30
2264;Juan Rodríguez Clara;Juan Rodríguez Clara;30
2265;San Andrés Tuxtla;San Andrés Tuxtla;30
2266;Santiago Tuxtla;Santiago Tuxtla;30
2267;Angel R. Cabada;Angel R. Cabada;30
2268;Hueyapan de Ocampo;Hueyapan de Ocampo;30
2269;Catemaco;Catemaco;30
2270;Soteapan;Soteapan;30
2271;Mecayapan;Mecayapan;30
2272;Tatahuicapan de Juárez;Tatahuicapan de Juárez;30
2273;Pajapan;Pajapan;30
2274;Chinameca;Chinameca;30
2275;Acayucan;Acayucan;30
2276;San Juan Evangelista;San Juan Evangelista;30
2277;Sayula de Alemán;Sayula de Alemán;30
2278;Oluta;Oluta;30
2279;Soconusco;Soconusco;30
2280;Texistepec;Texistepec;30
2281;Jáltipan;Jáltipan;30
2282;Zaragoza;Zaragoza;30
2283;Oteapan;Oteapan;30
2284;Cosoleacaque;Cosoleacaque;30
2285;Nanchital de Lázaro Cárdenas del Río;Nanchital de Lázaro Cárdenas del Río;30
2286;Ixhuatlán del Sureste;Ixhuatlán del Sureste;30
2287;Moloacán;Moloacán;30
2288;Coatzacoalcos;Coatzacoalcos;30
2289;Agua Dulce;Agua Dulce;30
2290;Minatitlán;Minatitlán;30
2291;Hidalgotitlán;Hidalgotitlán;30
2292;Jesús Carranza;Jesús Carranza;30
2293;Las Choapas;Las Choapas;30
2294;Uxpanapa;Uxpanapa;30
2295;Mérida;Mérida;31
2296;Progreso;Progreso;31
2297;Chicxulub Pueblo;Chicxulub Pueblo;31
2298;Ixil;Ixil;31
2299;Conkal;Conkal;31
2300;Yaxkukul;Yaxkukul;31
2301;Hunucmá;Hunucmá;31
2302;Ucú;Ucú;31
2303;Kinchil;Kinchil;31
2304;Tetiz;Tetiz;31
2305;Celestún;Celestún;31
2306;Kanasín;Kanasín;31
2307;Timucuy;Timucuy;31
2308;Acanceh;Acanceh;31
2309;Tixpéhual;Tixpéhual;31
2310;Umán;Umán;31
2311;Telchac Pueblo;Telchac Pueblo;31
2312;Dzemul;Dzemul;31
2313;Telchac Puerto;Telchac Puerto;31
2314;Cansahcab;Cansahcab;31
2315;Sinanché;Sinanché;31
2316;Yobaín;Yobaín;31
2317;Motul;Motul;31
2318;Baca;Baca;31
2319;Mocochá;Mocochá;31
2320;Muxupip;Muxupip;31
2321;Cacalchén;Cacalchén;31
2322;Bokobá;Bokobá;31
2323;Tixkokob;Tixkokob;31
2324;Hoctún;Hoctún;31
2325;Tahmek;Tahmek;31
2326;Dzidzantún;Dzidzantún;31
2327;Temax;Temax;31
2328;Tekantó;Tekantó;31
2329;Teya;Teya;31
2330;Suma;Suma;31
2331;Tepakán;Tepakán;31
2332;Tekal de Venegas;Tekal de Venegas;31
2333;Izamal;Izamal;31
2334;Hocabá;Hocabá;31
2335;Xocchel;Xocchel;31
2336;Seyé;Seyé;31
2337;Cuzamá;Cuzamá;31
2338;Homún;Homún;31
2339;Sanahcat;Sanahcat;31
2340;Huhí;Huhí;31
2341;Dzilam González;Dzilam González;31
2342;Dzilam de Bravo;Dzilam de Bravo;31
2343;Panabá;Panabá;31
2344;San Felipe;San Felipe;31
2345;Buctzotz;Buctzotz;31
2346;Sucilá;Sucilá;31
2347;Cenotillo;Cenotillo;31
2348;Dzoncauich;Dzoncauich;31
2349;Tunkás;Tunkás;31
2350;Quintana Roo;Quintana Roo;31
2351;Dzitás;Dzitás;31
2352;Kantunil;Kantunil;31
2353;Sudzal;Sudzal;31
2354;Tekit;Tekit;31
2355;Sotuta;Sotuta;31
2356;Tizimín;Tizimín;31
2357;Río Lagartos;Río Lagartos;31
2358;Espita;Espita;31
2359;Temozón;Temozón;31
2360;Calotmul;Calotmul;31
2361;Tinum;Tinum;31
2362;Chankom;Chankom;31
2363;Chichimilá;Chichimilá;31
2364;Tixcacalcupul;Tixcacalcupul;31
2365;Kaua;Kaua;31
2366;Cuncunul;Cuncunul;31
2367;Tekom;Tekom;31
2368;Chemax;Chemax;31
2369;Valladolid;Valladolid;31
2370;Uayma;Uayma;31
2371;Maxcanú;Maxcanú;31
2372;Samahil;Samahil;31
2373;Opichén;Opichén;31
2374;Chocholá;Chocholá;31
2375;Kopomá;Kopomá;31
2376;Tecoh;Tecoh;31
2377;Abalá;Abalá;31
2378;Halachó;Halachó;31
2379;Muna;Muna;31
2380;Sacalum;Sacalum;31
2381;Maní;Maní;31
2382;Dzán;Dzán;31
2383;Chapab;Chapab;31
2384;Ticul;Ticul;31
2385;Oxkutzcab;Oxkutzcab;31
2386;Santa Elena;Santa Elena;31
2387;Mama;Mama;31
2388;Chumayel;Chumayel;31
2389;Mayapán;Mayapán;31
2390;Teabo;Teabo;31
2391;Cantamayec;Cantamayec;31
2392;Yaxcabá;Yaxcabá;31
2393;Peto;Peto;31
2394;Chikindzonot;Chikindzonot;31
2395;Tahdziú;Tahdziú;31
2396;Tixmehuac;Tixmehuac;31
2397;Chacsinkín;Chacsinkín;31
2398;Tzucacab;Tzucacab;31
2399;Tekax;Tekax;31
2400;Akil;Akil;31
2401;Zacatecas;Zacatecas;32
2402;Morelos;Morelos;32
2403;Vetagrande;Vetagrande;32
2404;Concepción del Oro;Concepción del Oro;32
2405;Melchor Ocampo;Melchor Ocampo;32
2406;Mazapil;Mazapil;32
2407;El Salvador;El Salvador;32
2408;Juan Aldama;Juan Aldama;32
2409;Miguel Auza;Miguel Auza;32
2410;General Francisco R. Murguía;General Francisco R. Murguía;32
2411;Río Grande;Río Grande;32
2412;Villa de Cos;Villa de Cos;32
2413;Cañitas de Felipe Pescador;Cañitas de Felipe Pescador;32
2414;Calera;Calera;32
2415;Pánuco;Pánuco;32
2416;General Enrique Estrada;General Enrique Estrada;32
2417;Guadalupe;Guadalupe;32
2418;Trancoso;Trancoso;32
2419;Genaro Codina;Genaro Codina;32
2420;Cuauhtémoc;Cuauhtémoc;32
2421;Ojocaliente;Ojocaliente;32
2422;General Pánfilo Natera;General Pánfilo Natera;32
2423;Luis Moya;Luis Moya;32
2424;Loreto;Loreto;32
2425;Villa González Ortega;Villa González Ortega;32
2426;Noria de Ángeles;Noria de Ángeles;32
2427;Villa García;Villa García;32
2428;Pinos;Pinos;32
2429;Villa Hidalgo;Villa Hidalgo;32
2430;Fresnillo;Fresnillo;32
2431;Sombrerete;Sombrerete;32
2432;Sain Alto;Sain Alto;32
2433;Valparaíso;Valparaíso;32
2434;Chalchihuites;Chalchihuites;32
2435;Jiménez del Teul;Jiménez del Teul;32
2436;Jerez;Jerez;32
2437;Monte Escobedo;Monte Escobedo;32
2438;Susticacán;Susticacán;32
2439;Villanueva;Villanueva;32
2440;Tepetongo;Tepetongo;32
2441;El Plateado de Joaquín Amaro;El Plateado de Joaquín Amaro;32
2442;Jalpa;Jalpa;32
2443;Tabasco;Tabasco;32
2444;Huanusco;Huanusco;32
2445;Tlaltenango de Sánchez Román;Tlaltenango de Sánchez Román;32
2446;Momax;Momax;32
2447;Atolinga;Atolinga;32
2448;Tepechitlán;Tepechitlán;32
2449;Benito Juárez;Benito Juárez;32
2450;Teúl de González Ortega;Teúl de González Ortega;32
2451;Santa María de la Paz;Santa María de la Paz;32
2452;Trinidad García de la Cadena;Trinidad García de la Cadena;32
2453;Mezquital del Oro;Mezquital del Oro;32
2454;Nochistlán de Mejía;Nochistlán de Mejía;32
2455;Apulco;Apulco;32
2456;Apozol;Apozol;32
2457;Juchipila;Juchipila;32
2458;Moyahua de Estrada;Moyahua de Estrada;32
